PRACTICE_CODE,Population
D81022,84813
E85124,79826
G85034,78629
P81002,66067
M85063,63074
B82005,58604
B81048,58567
M89017,55164
Y01008,53752
M85046,51750
K83002,49239
M81026,48088
Y01929,47378
N82117,46456
C84023,45894
M88004,45660
L81086,44731
P88026,44491
B82083,44116
J82155,43797
D81043,43503
L83100,43054
J82069,43008
Y02423,42055
B86110,42006
G82071,40482
M89003,40072
L83006,39688
L83016,39613
C88627,38960
A86003,38879
E81037,38298
L81007,37768
F81042,36938
A82016,36928
E82005,35976
M92612,35861
C82038,35770
B81025,35403
J82083,35335
J81006,34081
A83011,33676
N81022,33392
H81133,32950
L81034,32749
B82026,32514
D82044,32133
G82080,31949
C83007,31745
M87011,31568
K81605,31224
Y04957,31104
P81196,31103
J83016,30923
P83012,30534
E82013,30514
K82007,30442
B81008,30430
L82041,30390
C84024,30341
C81051,30166
C84001,30127
K82073,29917
K84009,29732
H85020,29715
L84026,29468
F81115,29442
N81016,29383
L85008,29261
B82038,29256
C88007,29227
M83006,29064
J82049,28144
F81122,28105
J83002,27745
H81013,27639
Y00449,27622
B81061,27581
D81625,27566
K81047,27540
K81062,27391
B87030,27375
D81026,27364
K82023,27318
M86009,27292
J82134,27256
C81072,27147
J82622,27144
L81039,27008
J84013,27001
H85012,26894
B81039,26850
J82144,26679
K81075,26641
A84009,26601
C82001,26587
L81026,26389
D83046,26356
G85053,26267
E81032,26195
L83131,26167
Y00159,26115
N81032,26048
B86044,26001
L84050,25967
K84028,25955
J81620,25952
G83067,25951
G81034,25901
E82073,25820
M85028,25552
J81021,25479
D82003,25256
C82009,25225
N83028,25207
D82007,25026
N81087,24979
P81020,24905
C84017,24823
G83680,24769
J82112,24687
P84072,24614
A83022,24578
E82001,24470
F81100,24469
J81019,24451
E82124,24363
J82081,24358
J82130,24244
J82007,24116
H84020,24104
D81057,24090
M82003,24080
A82044,24034
J83026,24003
E84058,23988
H82017,23934
C83026,23872
B83052,23858
J84011,23828
F84747,23827
J83021,23790
K84013,23782
D83060,23732
B83055,23732
J82028,23694
L81075,23579
G81070,23530
C82124,23509
B87017,23508
J82056,23361
J81033,23350
E84025,23165
G82161,23104
C82020,23009
B87016,22954
L81062,22954
L83014,22942
K81030,22828
G82044,22770
K81022,22695
J83040,22657
L84012,22618
J82066,22592
G82119,22587
Y03035,22541
K82016,22443
A81034,22183
L81079,22129
C84117,22096
F83023,21918
K82047,21876
K81063,21847
L81012,21818
K83041,21813
M87024,21798
D81054,21770
G85011,21741
B82047,21729
F81181,21727
G82228,21714
B82098,21694
L81133,21660
G81071,21657
D82088,21590
C83019,21572
M85002,21538
G85633,21522
K83052,21516
K83032,21480
B86013,21468
M84023,21423
D81014,21416
C81054,21408
H82034,21361
Y02575,21351
E82074,21324
E82060,21305
F81123,21274
H81078,21271
B81101,21262
H81069,21244
F81144,21221
G82050,21214
C82024,21164
F81007,21011
F82660,21009
K82033,20910
H81010,20871
G82135,20868
L81037,20862
E82040,20852
K82026,20826
E82014,20802
H81033,20745
C87002,20718
H82045,20712
K83021,20699
K82038,20696
C81006,20688
H81089,20664
D82064,20629
B82025,20600
K81014,20544
M84011,20516
E81057,20514
M85167,20451
P82015,20436
L83648,20433
G82122,20421
C83022,20414
K84613,20413
D83044,20409
L81078,20404
G82060,20400
J82098,20392
B81026,20351
M81006,20336
N81050,20322
L82006,20311
H81017,20298
A86029,20281
H83044,20231
E81044,20225
J83030,20203
A88013,20187
J82199,20165
G83066,20159
P89015,20151
K81610,20130
E84024,20122
H82057,20109
B82050,20069
K81024,20034
F84017,20011
G85039,19999
P84630,19998
M83052,19986
E82085,19976
B83063,19970
E82102,19957
B82013,19951
F81027,19897
H85061,19894
D81008,19879
F81081,19871
Y04995,19862
D83009,19836
G82014,19799
G81038,19773
B86050,19761
J81041,19739
F81043,19738
L83118,19735
C81084,19725
J82050,19706
J82101,19681
A81026,19662
B84012,19657
M88018,19634
F82009,19634
C84051,19632
E87609,19602
F83010,19583
G85002,19567
K83026,19554
F81105,19550
D81046,19549
C84032,19517
J82094,19510
K81006,19508
E85003,19490
J81056,19456
B82080,19439
D81013,19436
J81027,19424
M85020,19408
N85002,19402
D83059,19397
K83051,19390
M86014,19389
K81020,19388
H84027,19384
C84029,19382
M84043,19364
H85066,19362
L82001,19355
H81032,19351
J82080,19325
J82024,19315
J82058,19304
D81002,19289
Y03402,19280
E81019,19242
A84036,19216
H81119,19216
G82105,19200
C83003,19158
A81002,19152
P83020,19124
Y02987,19087
G84027,19034
B86032,19022
H81003,19018
H81062,18979
J82010,18961
D82045,18957
C84094,18944
K82065,18927
F83059,18921
G82099,18902
A81017,18876
D82019,18876
F81095,18854
D82008,18848
L81004,18840
F83043,18818
P81006,18804
B83038,18801
B84004,18798
A87007,18795
G82059,18740
A81044,18715
A87004,18699
M86004,18689
P81734,18674
J83008,18673
E82031,18664
M86029,18662
L82030,18662
N81084,18645
J82102,18614
G82090,18614
G82039,18612
P81213,18555
E83016,18549
J82145,18538
P89008,18536
L84009,18536
K81073,18534
A84006,18531
H85001,18517
M92016,18514
A83018,18499
F83021,18483
K84017,18471
D83012,18455
L83096,18454
G81658,18447
Y02671,18424
K84002,18420
P81029,18418
J81014,18391
F81036,18358
L83008,18357
H85051,18332
K83010,18277
D82034,18245
D82029,18242
F85066,18206
A83057,18165
G85109,18135
J83035,18120
G83053,18112
P87027,18108
E83032,18090
J82018,18068
E84006,18067
F81108,18062
J82067,18043
E81033,18031
P81208,18029
J81005,18021
J82639,18008
M84028,18007
K83014,17997
E82053,17996
F81132,17961
Y00445,17960
L81022,17895
J83018,17889
G81029,17887
A84028,17886
J81012,17880
F84093,17879
K84044,17865
J82138,17858
K82046,17850
L81649,17829
H84006,17824
B83624,17804
G81074,17783
C82014,17774
K84011,17772
M82010,17751
F81141,17725
C87005,17689
C83025,17661
D83051,17653
F81019,17642
P92016,17607
E82058,17579
G82087,17576
M85019,17565
H82026,17554
M85033,17547
E82032,17534
K83047,17520
L83073,17505
C83023,17501
A82026,17471
M85030,17445
N81030,17444
M81019,17443
B82074,17438
D82058,17437
F83055,17434
A81036,17433
B86016,17419
B85019,17412
E82091,17385
M85034,17380
K84054,17373
C88069,17372
N84021,17365
C82111,17365
E81003,17351
C83060,17349
B81068,17343
A88002,17331
J82035,17328
E87768,17323
M83617,17318
K82067,17302
F82013,17297
G85055,17261
J83037,17257
C82046,17254
L83002,17245
G82647,17218
H81037,17212
K84037,17209
Y04273,17202
K84027,17198
G82037,17195
A82021,17189
M85069,17181
M87009,17170
B81036,17165
F81097,17165
G81039,17129
C85004,17119
E82022,17119
H85048,17114
P81112,17112
H83024,17096
G82082,17076
F85033,17076
D82099,17067
B86057,17060
C85010,17058
P91604,17056
E81013,17040
B86012,17037
M82032,17031
L81015,17021
B81005,17019
G83065,16982
G85022,16955
L85023,16946
E87637,16939
A84043,16933
C83045,16930
C81005,16919
C84605,16917
G85024,16910
L81118,16909
C81029,16900
J83050,16872
M86003,16867
M81022,16856
E87677,16853
K81074,16850
L81091,16846
P88632,16819
D81031,16815
H81042,16814
J82143,16809
L81081,16808
M81008,16791
G81003,16789
G82052,16778
G83052,16772
D83008,16770
P84035,16758
D82051,16749
H81056,16727
Y02517,16720
L81031,16709
L82023,16701
C86001,16688
J82089,16684
G82140,16673
L83066,16662
A85005,16658
F85669,16637
D82011,16627
P81044,16624
N85007,16617
G83018,16595
E82071,16555
P85013,16547
L83095,16507
N81093,16503
C87008,16501
E87002,16499
C83010,16494
P81140,16487
K81025,16485
E83018,16480
G82693,16478
P84068,16473
J83042,16472
K83064,16470
N82053,16458
F81030,16438
H81009,16438
L85016,16423
F84724,16420
J81073,16393
M84019,16375
F85007,16365
G83012,16364
G82809,16363
H85653,16358
E86015,16348
H81052,16345
M82004,16333
L81090,16321
D82071,16314
D83048,16299
B86064,16292
H83016,16279
Y02893,16274
L83103,16252
L81040,16251
P84034,16248
L82012,16224
E82067,16209
L82016,16201
G85005,16195
K81644,16194
C84059,16193
E82062,16185
N81053,16182
G82097,16160
F86025,16159
C81033,16154
A82012,16146
L83085,16137
K82003,16119
M82025,16117
H82066,16106
F85014,16106
J82163,16104
E81029,16097
F84749,16089
J83041,16084
N81075,16079
K84051,16068
C83063,16065
M84021,16061
G83021,16056
B82041,16054
L85001,16045
A86027,16039
B86067,16037
L82028,16029
E84015,16026
C82010,16024
F81067,16000
E87738,16000
H82640,15995
K81043,15984
B81017,15971
D81005,15971
C84036,15967
K81045,15953
Y00352,15943
H82052,15943
H84016,15938
K84016,15933
D83021,15930
G82021,15925
A83012,15911
E82019,15910
E85122,15906
G85724,15906
H81021,15903
H83013,15892
F86004,15890
F83017,15885
A85008,15873
E84068,15860
K83025,15858
N81082,15836
K82018,15832
L83013,15811
L83092,15811
A85020,15810
M85026,15807
C84053,15806
G82126,15804
F86036,15802
G85016,15787
F83022,15771
H81066,15766
P91014,15753
J82139,15742
E82037,15735
L83035,15731
G82042,15717
D81034,15710
K84030,15708
F86060,15704
E82086,15694
P82003,15691
H84061,15679
A86004,15677
P81664,15675
P81036,15670
J82085,15663
G82100,15660
M82007,15659
F81068,15659
P81047,15642
F84122,15621
K84025,15615
C82018,15607
H82025,15590
A83054,15588
B86006,15582
B85028,15580
J82062,15564
C83040,15560
F86058,15558
J83007,15551
M81057,15548
G82041,15539
M82028,15532
J82154,15529
B84008,15525
H82009,15501
P81115,15498
M83088,15496
K84019,15496
B86003,15491
H85025,15484
Y01794,15477
J81072,15476
L81033,15465
L81643,15461
G85138,15451
F86074,15448
A87009,15424
N81062,15421
J81051,15418
J83057,15411
M83146,15409
K84038,15397
F84013,15394
M84015,15385
D83037,15382
G81638,15371
A81027,15365
D83002,15365
L83083,15360
H82058,15354
B86042,15350
C81071,15334
H83053,15333
E81073,15329
C81108,15322
H83017,15320
F81128,15317
P91021,15310
B84019,15309
M83026,15303
J84015,15301
C81061,15301
B87039,15297
F81681,15294
F84003,15293
H82063,15276
B86008,15271
Y02900,15270
C81012,15268
C81021,15263
K82019,15257
B85062,15256
P81160,15251
C84120,15247
E85020,15246
M81004,15246
L83043,15241
E86017,15234
L81617,15233
F81113,15228
L85012,15205
J82076,15200
B86002,15198
L85035,15193
K84052,15167
N85020,15163
N85044,15144
K84033,15129
M91019,15119
B85041,15112
C88010,15104
B82027,15100
P81065,15093
P81072,15091
F84062,15078
K84043,15075
Y00058,15069
D82054,15067
G83006,15057
J82157,15052
F84718,15051
D81030,15047
A82020,15046
K83036,15025
G82025,15022
A83045,15017
A89019,15011
H84005,15000
H85037,14993
G85004,14992
C82066,14983
G84010,14969
E82089,14966
A83047,14963
L81019,14962
B81037,14952
E82129,14945
F81022,14945
P81013,14938
N81011,14932
D83047,14930
C81009,14927
E82024,14920
J82026,14918
B81043,14916
M84001,14915
G82006,14902
C87012,14901
J81634,14890
E81014,14881
L85022,14876
K81004,14850
Y02002,14849
H82011,14839
K81069,14835
F82008,14816
F84123,14805
J82040,14803
H81090,14799
K82633,14792
M92607,14787
E84066,14782
M85088,14782
H81030,14781
P81027,14776
C88008,14765
G82120,14762
Y03049,14759
F86666,14754
F81118,14753
C86019,14740
M81002,14735
C82073,14731
B83041,14724
G81102,14724
L83069,14723
L83052,14722
A83021,14720
Y05286,14711
E81028,14710
H81061,14707
F83665,14699
M83068,14695
M82039,14688
A81006,14688
J82110,14672
G84016,14671
B87026,14670
B85006,14667
J82196,14665
E81015,14653
H82023,14649
G83004,14637
J83014,14637
M83069,14632
K81040,14620
L81024,14619
C82055,14616
C83056,14613
N85625,14595
C82121,14593
F85063,14590
H84635,14587
K83043,14585
H84030,14581
G82604,14571
L82029,14567
A82035,14560
H85045,14546
H81051,14544
L83045,14543
J82218,14541
E82012,14539
B86081,14538
P88016,14537
L83087,14532
K82040,14529
B86051,14524
J82019,14515
B81040,14511
C82017,14508
C86029,14507
G82114,14507
L81014,14496
B86015,14494
E84057,14492
A86025,14489
E82092,14487
F81052,14482
F84006,14481
M81082,14481
J82074,14473
M83094,14472
G85038,14468
C84005,14456
G81011,14446
N81045,14439
D83074,14434
L83101,14433
P81100,14422
H85026,14422
K82021,14420
N83001,14410
Y02928,14409
J81034,14408
M83148,14400
K82631,14398
H85114,14396
L83067,14393
M82012,14387
C83048,14382
F85008,14377
D81050,14353
M81068,14346
A83001,14343
J82042,14322
L83005,14317
Y01132,14314
N81066,14313
Y03023,14305
M84036,14295
A81030,14282
M87003,14280
D81044,14274
F84714,14264
K84006,14263
B82054,14259
F84069,14255
B86059,14250
K83037,14240
D83038,14239
H82065,14237
P84678,14231
H81073,14231
B81015,14227
N81068,14219
H83005,14215
G82083,14203
J83011,14193
M88013,14184
F86022,14176
E87034,14173
A81042,14170
J81044,14164
N85008,14157
M83638,14153
K83049,14151
P81123,14140
E82051,14139
H85063,14139
G82074,14132
D83055,14131
G83010,14128
J82099,14128
H81087,14125
G85696,14114
D83029,14107
K82039,14106
K81651,14103
Y02117,14099
F83624,14091
E82084,14090
N81048,14087
F86607,14085
J82117,14085
B87008,14084
K81078,14082
K81630,14069
E82044,14066
G81041,14059
A83049,14052
P84030,14051
M83030,14048
C82056,14047
P85016,14044
F84081,14031
C82050,14029
M84012,14027
C84012,14019
M92009,14018
K81002,14013
B82028,14013
G81022,14013
K84040,13994
C83064,13985
J82017,13981
L84047,13980
F81085,13958
H82042,13956
G85698,13956
M81056,13954
K83042,13952
P84669,13933
F81636,13932
K83013,13929
C81032,13926
M81075,13925
M83074,13920
A82032,13918
D81023,13917
H84017,13917
H85115,13917
M82056,13916
D82001,13904
B82012,13898
M88038,13883
C87006,13875
J83001,13873
B82017,13866
M84004,13863
L85042,13861
G82013,13860
E85026,13845
M84020,13844
B86022,13844
P86006,13843
Y02747,13836
A83037,13833
K82066,13832
C81045,13831
K81092,13826
H82041,13825
J82077,13823
D82048,13817
J83009,13816
J82088,13814
L82018,13801
L85039,13794
M81005,13794
D82023,13793
B83045,13793
B86048,13792
F84004,13782
C84009,13782
L81047,13780
C84013,13768
F81125,13762
A88003,13760
E81036,13752
P82008,13750
K81001,13746
D82012,13738
B86066,13736
K81017,13713
B87031,13712
C81081,13710
C82031,13704
L83111,13703
A89017,13700
D83005,13698
B87027,13697
H85009,13689
P81067,13683
A83010,13678
C85020,13673
J82090,13673
F86010,13671
N81020,13670
H83015,13670
M84017,13663
K83066,13663
A84003,13656
B81022,13656
F84121,13651
F81749,13627
P91018,13620
B84006,13619
E82009,13612
G81042,13610
E85062,13596
F81087,13591
H82016,13591
Y02849,13583
L85014,13575
B87020,13568
P82007,13566
J82174,13559
M82022,13542
Y02692,13542
K83005,13542
F86627,13532
K83622,13529
C84019,13520
F81038,13512
A89001,13503
E82117,13503
E81022,13502
K81003,13500
A81021,13498
B87011,13496
N81027,13492
C81069,13490
H85105,13487
C82061,13485
E84039,13481
M86015,13478
E84021,13475
E81041,13474
G82027,13472
Y03052,13464
P81074,13462
M81010,13459
A83030,13459
J82135,13451
P81017,13450
D82067,13445
J82025,13434
L81013,13422
L83040,13416
F85030,13410
G84001,13408
C88026,13406
G81008,13401
E86010,13388
A83020,13386
B83033,13377
K82013,13375
M83032,13375
F82030,13369
L84034,13369
J82149,13363
B86104,13363
H82055,13360
B86014,13359
L84040,13357
B87013,13356
E84069,13352
F81112,13352
E81008,13349
K82004,13349
H82038,13348
C84069,13344
E85029,13337
F81055,13337
E87681,13335
H81067,13330
F85004,13322
C86011,13319
N81047,13319
E82043,13318
D82002,13318
P81681,13317
P88007,13313
L84033,13311
H85069,13310
E83053,13309
J82060,13307
C84078,13307
G82015,13302
L84054,13299
K84004,13288
G82032,13286
A83025,13285
D83057,13281
F85002,13280
F85019,13275
F81071,13268
M88020,13267
L81038,13264
E82018,13254
L85019,13253
F84034,13251
N82018,13236
J84012,13235
C81068,13222
M84032,13217
L84018,13215
A86020,13215
H85095,13215
J82064,13197
M82059,13195
J82194,13195
E82061,13191
C84016,13179
M81091,13173
L85033,13170
F81120,13157
F85029,13155
H81064,13141
F81057,13135
F81099,13135
J82132,13133
C87017,13120
L85021,13118
L84023,13116
D82063,13114
P91006,13108
B81030,13107
G82095,13105
K81083,13104
C86007,13100
P84017,13100
B83014,13094
G85132,13094
E82055,13090
E82028,13082
N82024,13078
Y03079,13076
B81042,13076
E82081,13074
F84039,13073
M86016,13068
K84082,13068
J82034,13067
L85029,13066
M81021,13064
L82051,13057
C82643,13053
H82007,13053
L81071,13051
K82076,13049
K81070,13047
B86075,13045
G85083,13037
K83044,13037
G83027,13032
J82009,13026
E85007,13024
C85008,13020
N81034,13005
H82072,13002
N84018,12997
D81631,12995
B83021,12994
P87016,12991
M86032,12989
P89014,12985
E82082,12985
H85027,12985
C84080,12984
N81019,12983
F84008,12979
N81002,12974
H82030,12964
M89016,12960
M82026,12957
P88013,12956
J82023,12955
G83001,12952
F81114,12947
H84002,12945
B86069,12936
H83051,12933
L85004,12926
K82053,12926
G82121,12922
M85060,12905
F84096,12901
N81057,12900
P81130,12896
E87013,12896
H85041,12896
E82099,12894
F84031,12888
F81041,12887
C84021,12886
M83082,12882
M81070,12871
L83055,12866
Y02807,12845
A86008,12845
J82104,12844
H85030,12844
J82082,12842
F81015,12841
D81001,12840
Y02627,12839
F81001,12839
F85705,12836
E82093,12831
H81004,12830
N81086,12828
A86018,12826
B82053,12824
H84042,12821
F81075,12819
D82004,12812
A81031,12804
B87007,12803
P81159,12800
K83029,12798
M83062,12792
C82042,12782
H81130,12780
B81109,12776
F86007,12775
L85015,12773
M85070,12772
B83039,12772
D83023,12771
F86038,12764
P85008,12760
E82075,12749
H82056,12738
A89025,12731
F81023,12716
L81025,12715
P81079,12705
N81029,12701
J81047,12698
A82018,12692
K81051,12692
J81081,12690
A84014,12689
B81045,12686
D82040,12685
K82017,12683
C81010,12681
F84119,12675
P92017,12674
L83018,12673
M84018,12672
D83039,12672
F84052,12672
L83089,12668
J82051,12666
C81038,12662
P81051,12652
H84012,12649
G81100,12640
C83018,12637
J82103,12633
E82035,12630
G85087,12623
K82049,12622
L83097,12620
C83059,12614
P92010,12610
F82022,12608
J81028,12608
D81029,12606
G85076,12604
G83028,12595
P81057,12594
F83015,12594
C88016,12590
P92014,12589
B81004,12588
J81078,12587
H82032,12583
M84007,12582
F83623,12582
J83033,12578
L81063,12573
M85600,12570
E82100,12567
K83621,12566
H81615,12566
G82118,12561
K82037,12560
D81016,12558
C82041,12556
J83046,12553
J83003,12552
A83050,12550
H81134,12549
G81088,12549
P86007,12547
H81088,12542
J83027,12541
G82019,12540
N81077,12538
A87005,12538
P88015,12536
H82014,12530
E82027,12529
E82063,12512
H81060,12512
K83015,12508
G82063,12508
H82037,12505
M85058,12500
Y05167,12498
C88037,12487
L83050,12487
B81010,12486
D83017,12485
G81028,12480
L82046,12474
E84009,12472
C82071,12468
C83054,12464
K84050,12463
M83071,12462
L84041,12462
C81002,12461
M85172,12460
E85055,12458
M92008,12455
G84002,12454
H82046,12447
A89010,12444
L83038,12444
L81051,12442
F81010,12440
L84010,12435
J82131,12434
C81114,12434
E84709,12433
G82780,12432
M81035,12426
G85136,12421
G82164,12415
H82070,12411
D83610,12393
C84049,12392
B81031,12391
H81024,12385
Y02757,12383
G82036,12383
K83007,12378
D81028,12372
D81611,12370
C83035,12370
E81038,12367
L81082,12367
D81606,12365
J81009,12361
F81153,12355
N81059,12354
E85121,12350
F81080,12346
M84051,12345
G85028,12336
M83034,12332
A81046,12321
M81020,12320
L84606,12316
N81092,12309
C81064,12308
E83021,12307
K83009,12302
F83063,12302
N83002,12295
C86017,12295
G84032,12294
J81013,12286
H81068,12284
P87019,12283
D81010,12280
C82043,12275
D83013,12271
G83019,12252
F83058,12248
H85007,12244
F85076,12240
J81046,12237
C88005,12231
F83008,12230
K82032,12228
M85065,12224
B82060,12222
G82085,12221
C85022,12219
D83018,12218
D83024,12214
F81078,12211
H81035,12208
E87063,12206
P81025,12205
D81061,12203
A81067,12202
C83085,12200
C85003,12197
M83028,12197
M81063,12190
F81049,12182
C88031,12181
M81032,12175
D81637,12171
C88072,12165
H82022,12164
C82078,12162
C82063,12157
J83031,12156
M83110,12155
M88006,12153
H81072,12150
J82022,12149
H81047,12146
P81016,12143
M83044,12136
B83018,12136
C84037,12134
H83001,12125
M85025,12124
B81003,12115
L83020,12113
B82020,12112
C84039,12112
P81089,12108
H83018,12108
H82051,12108
H81076,12099
P81073,12098
N83009,12096
K81041,12093
P81032,12092
M83650,12086
J82216,12085
G83009,12085
G82730,12082
P89006,12080
K84055,12080
K84041,12078
L85010,12078
H84040,12069
D83011,12065
M92010,12062
P83001,12059
B83008,12057
C84086,12057
A84005,12053
H81029,12052
J82002,12046
F83032,12045
L83053,12044
P84046,12040
M84030,12036
C84035,12035
G82031,12035
E81012,12034
M83723,12025
K81066,12023
L83064,12021
L81016,12020
D81622,12017
L84007,12017
P81150,12014
A83005,12014
G85114,12011
F84018,12005
P82016,12003
F84033,12001
F83019,12001
F81013,12000
C85016,11997
K82051,11995
E81009,11981
M84013,11980
G85135,11979
E82077,11976
P86003,11972
C82068,11972
H82005,11969
C84026,11963
K83012,11959
B86038,11949
B87021,11948
N82037,11948
M81017,11943
H85111,11943
F81083,11941
F84710,11939
H82013,11939
J82215,11938
E81018,11937
E85719,11937
L82042,11936
E85128,11932
G82024,11930
G82737,11929
K84072,11927
M83001,11925
P81078,11923
J82150,11922
A83040,11920
G85032,11919
Y00057,11919
B85025,11914
A84022,11913
K83011,11913
C84055,11912
E86001,11911
L81055,11911
C83031,11908
F82006,11906
K81034,11906
H84055,11906
G82020,11906
Y01922,11900
H82028,11898
P88020,11896
D82041,11893
E83035,11888
F83672,11866
C82029,11864
E81050,11861
F84016,11859
L82009,11858
G82051,11852
Y02463,11850
G81046,11848
M84035,11841
G81050,11836
E82017,11833
P91629,11831
A83074,11829
E81027,11828
L83137,11826
G85001,11824
F81136,11820
Y06443,11819
B86033,11815
F83020,11814
A81011,11811
E82068,11807
E83020,11806
E81046,11801
K81012,11797
N84012,11791
Y00969,11789
A83013,11786
F81741,11785
P81005,11784
C82064,11782
D81011,11776
G81018,11776
A83023,11775
K81060,11768
H81070,11768
C87016,11766
H81083,11760
J82072,11749
M85110,11748
G85046,11747
P88005,11743
F82007,11742
J82055,11738
C85033,11728
E82072,11720
G82017,11715
M84037,11711
C87029,11704
C83004,11702
C82093,11700
L81042,11700
F81152,11687
C84010,11686
N81063,11684
L81632,11680
K83018,11678
B83006,11677
C87007,11670
E82023,11669
K83059,11667
M81040,11666
L81130,11661
B86030,11660
H82043,11653
F85027,11653
F81133,11650
G83025,11643
M86018,11640
M89012,11637
D81021,11635
G81104,11634
M82035,11632
J82061,11629
D82059,11624
B84011,11621
E82007,11619
D81012,11618
E81021,11617
N85005,11614
G84015,11614
P81042,11607
H82077,11603
P91009,11602
E83613,11597
M85041,11596
H82035,11590
G85023,11590
C82003,11587
E85716,11587
L84027,11585
Y00999,11583
P87002,11581
H81015,11578
E86012,11576
C86024,11569
J83049,11568
C82011,11564
H81025,11562
H81075,11558
M83072,11556
H82012,11548
Y02811,11548
M81049,11547
H83004,11538
G81059,11537
G83044,11535
C81015,11529
H85038,11525
E82046,11522
B81065,11519
L81066,11519
H81019,11519
E81004,11515
F81110,11510
M87013,11507
B83040,11504
L83028,11502
J81018,11499
E86030,11493
G85085,11491
L82036,11490
C81042,11476
C87004,11470
F84105,11470
C81087,11470
J83019,11465
J83010,11464
K83028,11463
G85623,11461
Y04942,11460
C82077,11459
C85017,11458
G85084,11457
P87026,11456
K84026,11456
P81055,11454
L85002,11453
B87005,11451
E83017,11442
N83032,11440
C83001,11439
G82160,11436
M85706,11434
A86030,11430
M89009,11415
K84059,11414
F82018,11410
L83031,11409
M89015,11407
P81063,11399
F84025,11399
M85778,11392
Y02521,11388
B86036,11385
M81038,11376
A89004,11373
F84658,11370
E82094,11369
H81099,11367
P84673,11366
M83056,11362
M85078,11362
M89019,11362
J83039,11362
G81017,11359
B84009,11356
M84025,11355
J82164,11354
F81150,11352
C83044,11348
M83051,11338
L84038,11337
H85031,11327
M92011,11323
N81052,11319
E83010,11319
Y01011,11317
C82051,11316
L81087,11315
H85693,11314
H82044,11305
Y02466,11304
L83147,11304
M88003,11303
L85025,11302
L81068,11300
L85043,11299
M85087,11296
M81037,11295
H81007,11294
A85010,11291
F85025,11289
K81082,11276
G85014,11274
G83016,11272
M87007,11271
F85701,11271
C81041,11268
H82083,11268
F84074,11266
M85175,11264
N81628,11263
C82013,11260
D81070,11258
P81076,11255
J82192,11251
P84009,11250
C81073,11248
H81050,11247
Y00351,11245
G85025,11244
N82041,11243
P81015,11241
L84003,11241
C81035,11241
D82037,11239
D83034,11239
H85649,11239
M85048,11237
P81185,11236
B87002,11235
F81048,11235
B81034,11234
M89026,11230
Y00469,11224
L81084,11218
E81074,11217
L81054,11213
K83618,11212
E83009,11211
K81050,11210
B81675,11209
N81114,11207
N81039,11203
K82615,11202
L83056,11202
G81032,11195
L81008,11194
K84075,11189
H84619,11185
K81036,11184
G81031,11180
Y02578,11178
E85744,11173
L81067,11172
P81704,11170
M88616,11170
Y01655,11169
M82038,11163
P85615,11162
C82012,11160
F84072,11158
E85033,11156
J82039,11154
K82009,11151
Y01206,11150
E83024,11146
H81028,11144
A82003,11140
F85031,11140
H83007,11138
M89010,11135
L84036,11133
F81014,11126
A82008,11122
L83004,11122
G82233,11122
K81027,11121
H81020,11116
G84019,11115
J81062,11108
P81069,11106
G84023,11103
J81010,11098
G81019,11098
P81087,11096
P84019,11089
D83027,11088
C87003,11085
H83020,11080
E84061,11077
J83064,11075
K84014,11074
C84018,11074
A83036,11074
H84039,11070
B85027,11069
C82054,11058
M83089,11048
K83024,11048
G81084,11046
D82020,11045
F84054,11040
G84003,11036
G85715,11036
C81048,11035
G82086,11033
C85023,11027
Y00185,11026
B86020,11026
G81004,11024
H82098,11023
G82225,11018
P81077,11011
A81004,11007
E85054,10999
K83039,10998
A83016,10998
H81085,10998
K82054,10995
N82011,10995
A81032,10993
B82097,10992
P81129,10988
F84079,10986
E86004,10983
L81017,10982
F84682,10978
K83023,10976
Y02622,10970
C81014,10969
M83027,10967
D81004,10967
F84097,10966
F84717,10966
L84015,10966
H82008,10964
D83016,10962
D83004,10961
A85016,10961
L84037,10960
B81029,10959
G82076,10954
B85012,10952
E81043,10952
G82125,10952
L83036,10949
F84050,10948
L83072,10945
A87016,10945
C81083,10943
N81088,10942
M85715,10934
C82002,10933
D83040,10933
P88025,10932
M81046,10932
E82096,10931
K81077,10930
K82024,10928
B83028,10926
H81031,10923
M88645,10905
F85035,10902
E82115,10901
F86691,10899
A86011,10898
K82015,10895
P89021,10894
H85047,10894
C82053,10887
K82025,10883
L83048,10883
N83012,10881
L81045,10880
K82010,10878
J83006,10874
C82025,10873
J83005,10869
P81157,10866
Y02847,10865
L82010,10863
N81081,10863
L81044,10859
C84048,10857
H81026,10855
K83070,10852
D81025,10849
H81080,10848
B86052,10847
B82059,10844
J82071,10833
M82002,10831
M86034,10829
A83066,10825
G85708,10817
G82057,10813
N84003,10810
C81066,10810
C83011,10810
M85061,10806
A81039,10806
C82033,10805
L81131,10805
E82106,10803
C81047,10803
M83049,10802
D81037,10800
H83006,10798
B87028,10795
L82008,10791
F81047,10788
C81110,10788
G85029,10787
G82111,10785
A85019,10783
D82017,10782
K82029,10777
E82090,10773
E84008,10773
H82048,10771
B85055,10770
C88043,10766
C81001,10766
E85636,10765
J81058,10764
H82039,10763
H82047,10762
K84031,10757
F81164,10757
E86029,10755
E85680,10753
Y02751,10749
A87003,10747
H83009,10744
B86017,10742
M83010,10741
J82006,10738
F81149,10737
P82031,10736
A89012,10731
F81053,10731
H81041,10731
H82059,10730
E87061,10725
M81044,10725
H82078,10721
P81622,10719
M85031,10719
G84040,10713
P81099,10709
B81092,10709
P84010,10706
L85064,10703
E87737,10701
J84019,10700
C81004,10700
B87006,10693
L84048,10688
B82032,10688
A85004,10687
E81047,10682
L85020,10682
M82006,10681
K81086,10678
F85072,10677
J83036,10673
F82011,10666
M83009,10664
A83046,10656
Y01051,10655
M83057,10643
G82079,10639
N84005,10637
B84007,10630
L84060,10626
G82016,10626
C84030,10622
F81090,10610
H81027,10606
H81023,10604
L82052,10603
M83129,10601
P85021,10600
F83045,10599
N81122,10596
J81045,10595
L85007,10593
E82059,10592
F83652,10586
B87018,10585
Y02794,10585
P87654,10583
P91013,10581
B82033,10581
M83038,10579
H85680,10576
M86010,10573
F84010,10573
M85124,10571
H81043,10563
K83006,10558
A82041,10555
P84042,10552
B87004,10551
M81001,10549
K84001,10545
E82041,10544
G82069,10543
G82634,10542
C81020,10541
N81024,10536
N81108,10535
D82018,10535
E82083,10534
P81040,10533
F81116,10533
J83038,10530
K82044,10529
C82039,10526
E82008,10526
A83051,10522
P81172,10515
N83608,10514
G85104,10513
L81023,10511
P87035,10504
C82037,10504
B84005,10503
M84006,10501
C85013,10500
M83004,10500
P84049,10499
M85803,10495
B83064,10494
Y00411,10492
C83043,10488
C88041,10487
G84006,10486
C81003,10485
L83034,10485
E85657,10484
F86012,10480
A83031,10479
F86692,10478
P84074,10477
C83072,10475
D82035,10474
M84008,10469
K81102,10468
G81098,10468
F84009,10467
M81074,10467
A81016,10466
H82029,10465
B84010,10464
E85016,10463
L83051,10459
Y02672,10455
G85089,10454
G85052,10452
P82001,10451
C82075,10450
F84021,10448
C85007,10447
Y02476,10445
A86036,10444
J82161,10442
B83009,10442
H82049,10431
M85164,10428
F81009,10426
P84038,10423
K84624,10420
H82095,10413
A82025,10411
G85130,10409
K83040,10404
D83035,10403
N81007,10397
A82036,10396
F85071,10394
G82203,10393
M88015,10392
C88036,10390
H81084,10385
G82115,10381
M83050,10380
G84004,10375
B84016,10373
N85027,10372
E81005,10369
A83026,10369
N84020,10368
P83021,10364
G81076,10364
N81012,10357
D81049,10356
H84023,10355
C86022,10354
B82004,10346
M85178,10345
J81066,10344
H81016,10344
A88022,10343
K84063,10343
M85086,10342
F81089,10341
N83014,10339
K81068,10338
F86028,10336
C84044,10330
G82094,10327
L81065,10326
Y03135,10321
G84024,10320
E82130,10318
B82088,10317
B83029,10316
A89007,10315
F85023,10313
E82123,10312
E85663,10312
P91029,10310
B83035,10309
P81022,10300
F81708,10298
F81117,10297
B83012,10297
E83653,10296
A89032,10289
B86658,10288
Y02354,10283
K82030,10283
E82015,10281
A86017,10279
P89002,10278
D81633,10277
P84005,10270
K82055,10270
D83001,10269
E84044,10268
H83012,10268
M81039,10262
B81099,10261
C81025,10257
L85009,10241
E87067,10236
B86039,10236
C84014,10235
M91013,10230
G82048,10230
L81036,10229
C87009,10224
P81086,10223
H81058,10221
L84008,10219
H82050,10219
B83010,10216
N81008,10215
M84042,10212
P87024,10211
C83014,10205
P81125,10201
H81082,10199
Y03755,10194
G82799,10193
G81035,10188
P81082,10186
C82047,10184
D81630,10179
F86644,10176
P81143,10166
L85006,10166
K81018,10166
D83075,10165
L83021,10165
P83603,10164
A81035,10164
C86037,10163
C86006,10161
C84709,10161
F84669,10160
L81009,10158
G81095,10153
M81058,10148
P81103,10147
M92012,10147
K82022,10147
M81016,10145
J83052,10144
A83034,10135
A81018,10133
F81212,10130
M84010,10129
H85029,10127
J83055,10127
B86025,10123
G82077,10120
P92019,10118
F81106,10118
M85136,10117
G85013,10111
B85054,10110
K81021,10110
G82066,10105
F86018,10104
A83007,10102
N81046,10100
H81036,10099
H82064,10095
G83047,10095
G83057,10086
C88023,10084
M83020,10080
C81053,10079
A84007,10076
F81096,10075
N81056,10073
G85040,10072
G81045,10072
A82027,10070
B83037,10070
K83027,10070
B82073,10069
M83054,10067
F83004,10066
F84117,10061
M91017,10059
L83059,10059
H84010,10059
G82064,10055
E87004,10053
M85081,10047
B84001,10041
D81003,10041
B85016,10040
J81059,10032
B87003,10030
H82060,10026
J81004,10025
H81048,10020
G81054,10017
G82038,10017
C82642,10013
A81022,10013
F85032,10010
B81069,10005
F83002,10004
C88035,10003
A83015,9996
J81054,9995
K81076,9994
Y00020,9991
K84071,9990
K81059,9988
H81071,9987
K83030,9986
G81099,9976
M83048,9975
C81007,9975
G81024,9974
B85610,9972
N81035,9967
M82009,9965
C86018,9958
P81003,9956
M91007,9956
M87602,9954
E82088,9951
E85119,9951
M87005,9950
C84072,9944
M83045,9942
B82031,9936
J81625,9936
M81047,9936
C85030,9935
N81044,9934
F81004,9932
P86009,9931
L81600,9926
E85057,9922
D83058,9921
B81051,9918
M83021,9918
J82044,9909
G85096,9904
F86008,9903
B83051,9895
H81045,9892
F82021,9891
P84012,9888
B83023,9888
M82016,9887
M86027,9883
Y01964,9881
D83061,9879
K84020,9876
A86010,9871
A81007,9869
G82073,9866
L81061,9865
M92028,9861
A86012,9858
C81049,9857
M81041,9855
M91004,9854
F81192,9854
C82007,9852
M84040,9851
C88052,9849
K82036,9849
D82056,9849
G81016,9847
K82008,9844
Y06356,9844
M83042,9842
L85017,9839
J81042,9838
C84090,9835
F84035,9833
C81060,9833
K83077,9833
N84008,9832
F84111,9832
J82012,9832
C84085,9832
J82142,9829
M91613,9828
J82178,9828
D82073,9825
Y02611,9820
C88028,9819
B81077,9818
D82016,9814
G83642,9814
J82122,9813
A84024,9808
H81094,9808
N82074,9806
L81089,9801
N81079,9801
C81008,9799
E85040,9793
H84032,9792
L84084,9791
J82136,9789
D83026,9787
L83003,9786
F81683,9785
M85023,9783
M81629,9780
M81015,9778
C83082,9776
M87023,9768
C82070,9766
C86609,9762
A81618,9760
F82051,9759
J82121,9757
P87634,9753
M83046,9752
A84031,9750
N81026,9744
B81007,9742
P84029,9742
C86003,9741
N85006,9741
K82043,9737
H85028,9733
Y00542,9728
B81011,9727
N81070,9726
M86008,9724
K82001,9722
N84017,9720
E81006,9718
J82114,9715
A82007,9712
E84665,9711
F84087,9711
D82078,9706
M83073,9704
K81633,9700
A86021,9695
F86011,9692
M81094,9690
Y02701,9688
L85024,9687
C83061,9686
M86017,9680
N84001,9679
M86006,9676
Y02676,9676
N82646,9674
L81046,9673
C84047,9673
M87020,9672
L84032,9669
J82029,9662
L81021,9662
G82165,9656
J82116,9652
J82124,9651
E83046,9648
B86060,9645
Y02589,9641
B82075,9640
Y02646,9635
G85047,9635
E83637,9633
B85021,9632
F84730,9629
G83049,9627
F83674,9627
B82066,9624
G83002,9623
C83078,9622
P86004,9621
L82022,9621
G85137,9621
H85002,9619
L81072,9619
Y02332,9618
H85686,9618
C81050,9616
G82035,9616
F81025,9615
K84079,9613
E85127,9611
Y00265,9611
P86016,9610
H85618,9608
H85011,9604
G81007,9602
C81034,9599
M85037,9598
N82090,9596
F84656,9595
A86031,9590
G82232,9590
F86044,9585
G84020,9584
B81016,9583
C88092,9582
E85685,9582
E87008,9581
C84066,9580
K83022,9579
J84005,9575
A89020,9573
J82015,9568
M81073,9564
P85010,9563
E82002,9563
N84024,9562
E82042,9562
B86010,9559
C82005,9558
P81710,9556
F85013,9554
G82028,9550
A84030,9544
H81081,9539
N85012,9536
E82045,9529
B85024,9528
A87013,9528
L81029,9526
B82007,9518
H85087,9517
K83610,9517
P88024,9514
F84077,9513
F81215,9512
B85014,9510
C88045,9510
P87025,9508
E83045,9507
C83037,9506
M86624,9505
Y02639,9501
F82028,9497
A83028,9494
Y02974,9488
C82095,9485
J82120,9485
J81087,9482
P89003,9480
N81005,9478
F84640,9476
G83628,9476
A86016,9475
B81009,9474
B86035,9471
Y02755,9469
M88007,9468
J82119,9467
D81084,9462
E87016,9462
B83027,9460
P84043,9458
P82023,9455
E81002,9455
E83044,9453
K83601,9449
P81037,9448
J81070,9448
J82001,9441
Y00437,9441
E82078,9438
J82207,9438
M81048,9433
D83053,9432
C83009,9432
G82093,9427
G85685,9423
H82003,9420
M84014,9418
M81042,9414
J82210,9407
E85014,9406
A85006,9404
P87620,9402
F84047,9400
C84043,9399
K82006,9398
L84058,9397
H83631,9397
A89015,9392
Y00184,9387
D82104,9367
G84017,9363
M83014,9361
C84683,9359
P81128,9352
L82050,9349
C83020,9347
B85061,9345
C86614,9344
D82005,9342
A88004,9341
G85722,9340
E86007,9331
N81025,9323
A87029,9323
J82181,9319
E85696,9318
E84036,9317
N83019,9314
E82048,9312
C83027,9312
P85005,9311
H81644,9310
M88009,9306
F83660,9296
P86008,9294
Y00293,9293
C84077,9293
K84078,9291
K84021,9289
C88015,9287
J82646,9285
N82035,9279
P84020,9273
Y02469,9270
F86032,9269
P85017,9266
C88034,9265
D83079,9264
F86023,9261
L83127,9258
A81041,9258
N82083,9257
C84063,9256
H82036,9253
E81052,9250
J83045,9248
M89008,9246
C84034,9245
C82067,9243
G81036,9242
J81039,9236
A82047,9235
L83042,9233
C82034,9232
E81030,9228
H85682,9226
G85035,9219
G82067,9219
B86019,9218
D83056,9217
L83022,9216
A83003,9216
F82042,9213
P81191,9211
N81060,9210
J83633,9206
G82091,9205
Y03664,9205
F84635,9204
B83653,9204
D83033,9203
J82214,9201
M85018,9200
H82092,9200
D83078,9196
F84012,9196
B83022,9194
F81056,9190
F81021,9188
P88018,9183
A81019,9183
M91650,9182
D81045,9182
K83003,9180
M84003,9178
D83014,9174
M85721,9170
G85015,9168
C81057,9165
C81067,9165
M83076,9162
D81035,9161
G83058,9161
E84012,9160
N81085,9160
M85007,9156
P81054,9154
Y02946,9153
C82021,9151
P88043,9149
P81038,9147
B87012,9147
C81063,9146
L84030,9145
P86022,9143
F84698,9142
B85018,9140
Y00155,9140
B83614,9138
C87030,9135
K84048,9135
E83003,9129
M88010,9128
M83023,9127
F83060,9125
P89016,9124
B82044,9122
B81064,9120
N83025,9119
P84004,9118
F83664,9116
J84017,9112
P86011,9111
E81045,9111
E81040,9111
G81001,9105
C84011,9104
J81049,9103
J82073,9102
L82049,9101
P87610,9100
G82650,9100
H85018,9096
G82729,9095
P81058,9094
P86019,9091
Y01812,9089
C88085,9085
P81132,9084
M83036,9083
B81018,9080
G82808,9079
A81057,9075
P87040,9074
P88003,9073
K84042,9071
C84060,9070
A87020,9069
H85116,9066
C81091,9060
B82037,9059
H82020,9059
M91015,9056
P83007,9054
L82045,9053
N81067,9052
N82022,9050
G82205,9049
L81058,9048
L84067,9046
A81052,9046
G85006,9045
L81125,9041
G82185,9040
B84613,9038
E84080,9033
J82054,9032
C84114,9032
N81014,9031
N81054,9030
K84035,9029
H85033,9029
E84067,9027
E85059,9027
M82005,9024
Y00206,9024
A83033,9024
M85077,9022
D82025,9020
E84032,9016
G81055,9015
E87029,9014
E84031,9013
E85605,9013
L84065,9009
H85070,9008
N82070,9008
D82030,9007
E85739,9006
D83007,9003
L83046,8999
E87753,8997
F85020,8997
L84014,8993
L81059,8993
K81028,8990
G81065,8987
C86038,8986
B84618,8985
J82016,8982
G85651,8982
E85628,8981
K82078,8978
G85054,8978
M91010,8977
E85019,8975
B83015,8975
B83030,8975
F81091,8973
G81025,8973
J82053,8971
G83062,8970
P81014,8968
C82008,8966
G82142,8961
M84070,8960
P91035,8956
D81052,8955
L83076,8955
B85051,8953
E82038,8952
J82128,8949
L84051,8947
A84026,8944
B85015,8943
B82105,8943
E83025,8942
J83022,8937
G83039,8936
M88002,8933
G82666,8931
G82089,8928
E82603,8926
L81098,8924
H84044,8924
M83079,8922
A82009,8921
P91016,8916
B84013,8916
C84061,8914
J82033,8908
E84017,8904
L85027,8904
C82088,8900
J83024,8899
C88019,8898
G82137,8897
Y03663,8895
M81034,8893
K83008,8892
B87015,8890
C81017,8888
N82066,8883
M82047,8882
M83681,8881
A86601,8880
P92003,8876
M92040,8876
F81062,8874
M81066,8874
P84021,8873
D83041,8872
F83018,8871
E85028,8870
A81058,8869
C85014,8868
E86018,8867
M81003,8864
L83041,8860
J81002,8859
C82086,8858
Y02342,8856
J82125,8854
P86018,8853
A82039,8851
D82062,8844
D82050,8843
M85797,8841
C81023,8841
M81069,8841
F82676,8840
C84122,8837
F85642,8837
C84691,8834
G83630,8833
M83141,8832
E82107,8830
C84116,8830
L83106,8829
Y01066,8816
H85005,8814
P81655,8812
Y01291,8812
J84004,8808
H85076,8808
P82004,8805
B81617,8804
G84011,8804
A82045,8798
M83075,8797
P92023,8796
B86024,8795
C86013,8793
B83628,8789
G84007,8789
A86023,8785
C81062,8785
C81018,8781
F84647,8778
H85024,8778
E84685,8776
N83018,8774
P92008,8773
E83011,8771
E85001,8769
C81031,8767
K83620,8766
F84735,8763
L84022,8763
A89009,8761
D82006,8759
F81126,8754
L82003,8753
K82603,8750
K84032,8749
B82063,8749
A83052,8742
M91028,8733
L83120,8733
P81133,8731
J82063,8728
M81043,8728
M84022,8725
J81036,8725
F86005,8724
M87015,8721
E81035,8721
L84039,8720
E84003,8716
E84004,8715
E87701,8715
B81054,8714
H85101,8714
D83081,8712
B81013,8710
E85681,8709
B86049,8709
B86062,8709
N85024,8708
P81041,8703
K84010,8700
B81087,8699
H81055,8697
B87001,8693
G82022,8692
H85090,8690
B81027,8688
H81104,8686
C88087,8678
H81065,8677
Y00522,8674
E83008,8674
D82015,8668
N81089,8667
B86071,8665
F81034,8664
C81037,8664
J82021,8663
H84034,8663
C88090,8662
F84115,8662
A86022,8662
P84028,8662
G81030,8661
P86014,8660
D82039,8660
B85009,8657
A89016,8656
P81755,8649
J84003,8649
E82079,8638
G85045,8635
J82152,8632
B82021,8631
M86020,8631
M91008,8629
P81018,8625
D81051,8625
H84007,8623
C82040,8623
C88039,8617
H84623,8614
M85071,8611
D81066,8609
K82028,8609
G85642,8608
F82650,8607
F83005,8602
E85025,8600
A81043,8597
C81080,8593
P86012,8591
F81028,8589
E87046,8588
C86020,8587
P81095,8580
M81061,8575
N81037,8570
H81034,8568
Y02322,8565
C83015,8565
P83025,8564
C88025,8564
L84001,8560
G82107,8559
B85042,8556
H82061,8547
D83015,8546
N83021,8544
M81093,8544
F81725,8541
Y02973,8538
L85055,8531
A81040,8531
M82014,8523
E83621,8518
B84003,8515
E84014,8510
B82008,8505
L82044,8504
E87037,8503
P81118,8502
P81083,8495
G82113,8494
Y00090,8492
Y02519,8492
M85079,8492
M81012,8491
B81046,8489
B81024,8487
B83062,8486
E81026,8485
M85116,8484
B86043,8480
E82056,8478
B81058,8476
H81002,8469
E81048,8466
N82046,8465
F85069,8464
A83075,8463
A87022,8461
M87017,8460
L81053,8460
Y03063,8459
E83038,8453
L81018,8452
E83012,8449
E87720,8448
E84048,8446
D82042,8445
M88619,8444
D82026,8443
N81041,8442
P84023,8442
K84024,8439
M81027,8438
F84092,8433
G84018,8433
P83004,8432
N81096,8432
E87715,8432
M85027,8432
G82002,8431
C82062,8429
L81120,8429
D82036,8428
K81636,8426
M85005,8425
N81624,8425
C88079,8419
E86028,8417
K82057,8416
Y02506,8414
P83006,8412
L85030,8411
B86007,8409
E83049,8409
F86664,8407
F86030,8405
C87622,8401
A81009,8396
P81092,8394
A82019,8392
N85019,8390
A82028,8388
E87007,8388
B82042,8385
B84021,8382
C88018,8378
P86010,8377
B81006,8377
D81056,8375
G85051,8373
D82024,8371
C83002,8370
N81033,8366
C82026,8360
B84612,8356
M82060,8356
F82017,8355
B83020,8353
P91017,8352
C82096,8351
F85003,8349
P81119,8346
G82117,8346
L83058,8345
A89021,8340
P84016,8339
P81154,8334
E85120,8332
L82054,8332
P85011,8329
A89035,8327
P81184,8324
H82040,8324
P81730,8321
E81010,8319
L83007,8313
N82009,8313
N82097,8308
N81028,8306
C81074,8304
K83031,8303
F86657,8299
P81170,8295
M85074,8291
L83011,8290
C81058,8288
F85703,8283
L84056,8278
P87008,8270
G81021,8263
F81017,8257
B82024,8257
E82006,8253
P89010,8251
C81030,8251
H82089,8247
E86009,8246
E84693,8245
F86066,8244
E83027,8241
F84083,8235
H84015,8235
M85006,8234
M83022,8232
P88625,8230
Y02526,8230
D81603,8228
A83009,8227
B86009,8226
H85634,8226
J82092,8224
M83061,8223
E82098,8216
M85123,8216
E85693,8214
E85126,8213
C81101,8212
G81073,8211
N81061,8210
N82092,8210
E85096,8208
J83029,8208
F81716,8207
D81018,8203
M83097,8202
A81054,8198
P88008,8197
M92002,8197
L83030,8193
M87010,8191
C84091,8189
C88014,8181
E86006,8180
E84042,8178
F84053,8178
N84025,8176
E81063,8174
C84084,8174
C84106,8172
H84048,8171
L81103,8166
G81023,8166
M88040,8165
P84050,8165
C84033,8165
L83027,8163
F82680,8162
A81005,8159
C84046,8159
H81011,8154
P81033,8153
F81156,8153
N81127,8152
A85007,8145
M82019,8144
F81131,8144
C86002,8143
K82079,8142
A82033,8141
G82221,8141
C81086,8138
H83624,8134
M83092,8133
G85086,8133
P92041,8132
M85634,8131
B85026,8130
B87022,8127
K84007,8123
N85015,8121
P89020,8120
C86016,8119
G82092,8119
C83075,8118
A81020,8109
E84086,8108
K81103,8108
M83070,8106
L82056,8105
C86023,8104
J81061,8103
M84050,8099
M91021,8099
B85030,8097
P84053,8096
G82212,8096
M85159,8092
P89005,8090
J83625,8090
P84683,8089
A83006,8089
K82610,8086
A84020,8085
M82021,8081
C83626,8077
M86041,8073
C87018,8072
F81037,8071
C82079,8070
C82091,8070
M82030,8065
G85632,8063
K83076,8061
B86004,8057
L84021,8056
M83011,8054
C83083,8053
L82035,8052
N84006,8048
J81030,8047
J82147,8038
P89018,8036
N81072,8035
D82096,8035
N81080,8033
N82110,8030
K83017,8029
P88012,8026
N82099,8025
F81098,8024
H81053,8023
E83050,8022
G81077,8021
B82100,8020
G81037,8020
C87022,8017
M83012,8017
H81109,8014
F83615,8011
H81077,8010
P84026,8007
H84062,8005
G82112,8005
C83038,8004
G85073,8004
F86650,8001
L84052,8001
M83018,7996
E84013,7994
F84686,7994
A85011,7993
E85123,7991
D82032,7990
P84616,7989
M84026,7988
M83067,7987
H81103,7986
K84058,7984
A88016,7982
C81044,7982
C83041,7982
B81118,7981
B82104,7980
N82094,7980
L85011,7978
Y00492,7975
M83037,7974
H81113,7974
M86002,7973
N85013,7973
C86015,7971
E82661,7971
M85076,7971
M87006,7970
P92004,7969
F83064,7969
H82100,7965
H85659,7963
D82031,7958
A88006,7952
H85100,7952
F86001,7947
C83028,7947
N83005,7946
D81615,7945
B86086,7941
A88007,7939
P92607,7938
F82055,7938
G82200,7937
J81011,7933
A89023,7931
C86009,7929
B83017,7926
F81086,7926
P82006,7925
H82091,7924
J83059,7924
E84601,7923
E85050,7911
P89012,7910
C86605,7910
C88051,7910
M83670,7910
L81043,7910
B81112,7906
N81018,7905
E85056,7904
E85058,7904
P81062,7899
P85020,7898
J81016,7895
F84014,7894
M81627,7894
H81006,7892
D83020,7890
C81118,7888
D82047,7887
D82084,7886
C85005,7884
K82011,7884
K81042,7884
C82072,7881
N81118,7881
F81134,7880
P84039,7880
K81080,7879
G85721,7877
M84067,7875
E81632,7875
L84059,7874
F85028,7872
G81056,7871
E85008,7870
P84024,7870
L85034,7869
N85016,7869
G81086,7869
C84064,7868
M84046,7864
E85049,7863
N83008,7862
A83616,7861
E84075,7860
P83009,7859
N84004,7859
E85015,7857
E84018,7853
L83024,7849
A81023,7847
H81040,7844
B86068,7843
M89005,7842
G85123,7840
G83026,7838
C83013,7837
P92026,7836
E85692,7836
C81099,7835
M82034,7830
B83042,7830
F83006,7829
D81047,7828
G81026,7828
B83056,7826
L83077,7821
M81029,7821
P91004,7820
J82129,7818
H83019,7818
M85029,7812
C84107,7812
B83641,7811
A81610,7810
L83071,7806
A87008,7805
G85041,7798
L83079,7795
E85712,7791
L81070,7788
J82008,7785
G81048,7785
C82107,7780
E85114,7776
L84028,7776
F81137,7770
A81611,7769
H83039,7769
N81623,7767
F81119,7767
L83044,7762
B85652,7757
H83043,7757
Y00560,7753
A85001,7753
D82027,7753
C83617,7752
C88070,7751
B82016,7745
B85001,7741
F82010,7740
H82615,7740
L81669,7738
M83123,7734
C82027,7733
L81083,7732
L83646,7732
G84025,7731
N82076,7731
G82231,7729
H81107,7729
F81721,7724
N81013,7724
F83057,7724
G83031,7723
N82115,7723
L83094,7722
N83022,7713
C82103,7711
G82631,7709
L81644,7706
C88047,7702
G85100,7701
P86026,7700
Y05317,7700
G85726,7700
L84004,7698
A87012,7697
F84041,7696
D81027,7695
M86035,7694
F86641,7694
A89026,7691
J83023,7691
H85003,7690
L83624,7686
E84645,7684
J82201,7683
P81053,7676
P91020,7676
B85022,7672
D83054,7672
G84033,7672
C88038,7671
C88054,7669
F81169,7669
A82654,7668
M82043,7668
M87008,7667
M91616,7665
E87005,7663
M92654,7662
C86034,7659
B87040,7656
L84053,7654
L82013,7653
J83047,7652
E83622,7651
G82211,7649
L84005,7646
L82622,7646
C81028,7646
F81011,7645
J82041,7643
P82002,7642
Y02906,7641
F83012,7641
B81113,7638
G82150,7635
L83084,7633
E86036,7631
G81014,7627
H85049,7619
F81213,7617
D83019,7614
F81012,7614
P92011,7609
E81034,7609
D83062,7608
F86087,7602
E87066,7601
A84011,7600
E84663,7598
G84035,7598
G82098,7598
E85107,7597
B83067,7595
G85061,7594
M86012,7592
F86009,7585
A89006,7582
L83102,7581
C81027,7578
N81055,7575
L81064,7574
K82059,7571
H83042,7571
H81656,7571
P81070,7570
F81613,7565
P85015,7563
D82009,7563
N82103,7563
K81010,7559
G81047,7558
H82099,7558
E84646,7557
N82108,7557
C82035,7555
C83051,7555
C83058,7551
C81662,7549
M86048,7545
M87028,7543
N81009,7543
Y02657,7542
M87012,7539
H84060,7538
P86023,7536
G81083,7535
M84002,7533
C82098,7532
N83003,7531
C81065,7531
K82617,7530
P81107,7524
C81094,7522
E87739,7520
L83029,7518
C82667,7517
G85711,7514
H82033,7513
M89027,7512
B82071,7510
B86018,7510
P88006,7504
B87032,7504
P81059,7499
E85048,7498
B85036,7496
M85143,7496
M88001,7495
C84129,7494
B81038,7493
L82004,7491
F85687,7489
P81683,7487
J82169,7486
C82032,7484
L85054,7484
A83044,7477
D83028,7474
L85052,7474
H84025,7473
L82068,7470
B82036,7468
G85124,7468
B81653,7466
C84131,7466
C83032,7465
A86024,7460
C86025,7459
E81049,7459
N83024,7457
L84011,7455
P81149,7454
B82067,7452
C82639,7450
M85056,7450
E85030,7447
M85066,7447
K84618,7444
N83020,7443
K84062,7442
M84031,7440
J82156,7440
M83066,7438
D82076,7429
N84028,7426
B87019,7426
C84042,7423
D83084,7422
A83618,7421
P84037,7419
G85120,7418
M85011,7413
H85055,7413
C82076,7409
P81066,7404
D82057,7403
F81020,7402
G82056,7399
K81039,7398
M83007,7397
B82069,7393
E85750,7392
A83041,7392
E84022,7390
D81086,7389
B81088,7386
M83108,7386
H84050,7378
P88011,7375
A86013,7371
F81044,7370
K81057,7369
C84105,7368
M82008,7367
C85619,7365
C84115,7364
M91003,7362
B86667,7362
B81020,7361
L83113,7361
P84027,7360
F81031,7360
L81069,7356
C81052,7355
P82021,7354
D83050,7354
P81084,7352
F86026,7352
G84627,7352
G82796,7350
C84004,7348
H81122,7345
N81101,7343
P81088,7342
F81026,7342
P84041,7341
D81085,7336
C83005,7336
F81679,7335
N82617,7335
M83016,7333
B81047,7332
E85633,7331
B82010,7329
D81062,7326
L83015,7326
H81005,7325
B81104,7320
F84692,7320
G85662,7317
N81038,7313
C88030,7312
E86027,7311
K84049,7311
Y00080,7307
H82053,7304
M83625,7303
F81072,7303
P82010,7301
J83034,7297
E85113,7294
J83013,7293
N83035,7291
H83037,7291
N81051,7289
F86062,7287
N81064,7285
H83034,7285
C83057,7285
C84095,7284
G81075,7281
F86616,7280
E84005,7279
F84022,7279
A81048,7277
B82091,7273
E87011,7272
P83015,7270
D82013,7270
N81125,7270
K84012,7269
E86618,7267
G85690,7267
P86013,7266
J82669,7260
C84045,7258
F81051,7258
N81065,7257
P81031,7257
C81649,7254
E84030,7252
L81077,7250
L81073,7248
B83058,7246
M84029,7241
M87014,7240
G83029,7240
P83011,7239
M83024,7238
A84044,7236
P84066,7235
D82068,7233
N81100,7233
E85052,7232
B82002,7231
P84025,7231
A81064,7229
H85057,7226
P91603,7218
K84045,7217
G85105,7217
N81036,7216
F81732,7216
G82133,7215
F81121,7215
K81055,7214
N85059,7213
B86109,7213
F83042,7211
F82016,7210
P82005,7208
B83611,7206
H83014,7204
L85066,7201
J82087,7198
P83605,7197
C88076,7195
N82062,7195
M83015,7194
H81638,7194
L83128,7191
F85017,7191
Y00486,7190
F83003,7190
P84052,7189
F84044,7188
J82059,7180
P84652,7179
E84028,7176
N85032,7176
C82028,7174
E87745,7174
M81054,7171
B82049,7169
E84033,7168
D82080,7166
L83057,7163
K82064,7162
H83010,7161
C88021,7160
L85619,7159
A83035,7159
M86045,7158
D82065,7158
F84036,7157
F84086,7155
A89028,7154
M91011,7152
C82678,7150
M83065,7150
G82186,7148
J82079,7142
N84023,7140
K84008,7140
B82081,7139
M81064,7139
P84070,7137
H82088,7135
F84672,7133
C84646,7133
D83067,7131
F86078,7130
M87001,7127
P88021,7125
C83036,7124
M82041,7123
C84025,7123
G82058,7121
E85725,7119
E86019,7118
M81072,7118
M86030,7117
B86041,7116
F82014,7114
M84063,7109
B82061,7108
P81071,7107
C81026,7107
D82022,7107
G82026,7106
J81068,7104
B83016,7101
N85051,7098
P82018,7097
H81126,7093
H82010,7092
N85028,7089
G82679,7089
C83071,7083
H81097,7080
C88024,7079
D81058,7078
D81017,7076
L84069,7076
L81050,7076
J84007,7073
F81029,7067
J81082,7064
C82044,7063
G85647,7056
E87754,7049
C82022,7048
L83019,7048
E86005,7046
M81033,7045
F85688,7042
D81082,7040
E85682,7039
L85031,7038
N81010,7037
N82641,7032
D81059,7031
K81084,7031
L83065,7031
H83023,7029
L82047,7028
G82768,7028
N81121,7027
F84601,7025
K83055,7023
N81113,7022
C82624,7019
G81680,7017
M82023,7016
F82677,7015
A81070,7015
G81043,7015
F84668,7013
N82113,7013
G81051,7011
Y01719,7010
C82016,7004
E85021,7004
F81069,7003
M86021,7001
B85031,7000
G85644,6998
F84620,6997
A84018,6996
P81096,6994
A82075,6993
K82027,6991
J82220,6990
N81115,6985
F84070,6984
H85035,6982
Y01050,6979
J83043,6979
P89004,6977
E84063,6976
E84620,6975
L83025,6975
Y03595,6968
N81042,6968
M83138,6967
E85004,6966
G81049,6964
M85145,6963
A81037,6963
C87015,6962
E82064,6951
F82625,6951
D81015,6950
F81061,6950
P84040,6947
C83065,6945
J81621,6943
F82642,6940
H83022,6940
N82084,6939
A87011,6935
C87014,6934
M92007,6930
N83010,6924
E85624,6924
B86100,6923
K81046,6922
C88078,6921
L84016,6921
F84642,6917
M87019,6913
P91627,6911
B83005,6908
H84033,6906
P88017,6905
C84028,6905
B86106,6904
J82075,6901
F81186,6901
C88048,6896
L82066,6894
C82094,6890
D83049,6890
L81030,6890
P82643,6889
F81163,6886
D82087,6884
E82069,6881
L83105,6880
M83126,6879
E85118,6878
K82048,6877
G82110,6877
G85673,6875
H81039,6874
J81086,6872
B81035,6871
H81057,6871
P87028,6867
F81142,6867
B86011,6866
G85003,6865
N82054,6863
K82012,6860
A81631,6859
F83048,6855
A84016,6850
D83006,6850
L81095,6850
J81048,6842
P92007,6841
A81013,6841
M87016,6840
P84067,6839
B83019,6839
G83060,6834
M92013,6828
F83686,6828
A85014,6826
M85156,6826
K81026,6825
M87021,6819
L84006,6818
B83034,6818
E87043,6815
M84629,6813
M85759,6813
C82030,6811
A82050,6809
L81041,6807
M81078,6805
E83006,6804
J83053,6803
F82001,6802
Y00403,6800
J82106,6798
L84049,6789
M85024,6789
C85018,6785
H81091,6785
H85006,6784
A83014,6783
E86042,6781
D81038,6780
F86083,6780
G82229,6780
G83647,6776
M83627,6772
N82116,6772
M92039,6770
L81020,6768
P82014,6767
A82055,6766
P84611,6765
G82152,6764
N82662,6763
P85003,6762
C82631,6762
A86040,6761
C84676,6761
F81739,6760
F86652,6759
F83635,6759
F86707,6757
C88096,6756
N82048,6756
B81014,6755
H83627,6754
E83030,6750
A81049,6749
D83608,6746
E85745,6745
C82045,6744
F81111,6742
P84064,6741
G82215,6740
C84619,6735
Y00918,6734
B86055,6731
C88020,6729
J81003,6729
B81052,6728
M83084,6728
Y06218,6725
B86034,6718
E84074,6716
P88042,6715
G85031,6715
F85016,6715
J83646,6713
P84054,6711
D82043,6711
F83011,6711
L81085,6710
N84011,6709
F85640,6709
E87010,6706
A81045,6706
P89007,6704
F86013,6704
C84020,6704
G85020,6704
G85057,6704
C85009,6700
J82663,6699
F85058,6698
C83049,6694
E86026,6693
P86001,6692
B85020,6689
E82021,6689
P87020,6687
G82088,6683
C88648,6681
D81060,6680
B83602,6675
L81094,6673
B82014,6667
G82128,6667
G84028,6666
E84076,6664
G81053,6661
F81690,6657
J81613,6655
J83004,6654
M83093,6648
Y05690,6646
Y02787,6642
E83028,6642
E86038,6640
N82014,6638
B85010,6636
G85705,6634
L81010,6628
P84048,6626
A88015,6625
P81218,6623
K84047,6622
F82019,6621
Y02769,6619
K82020,6618
E84002,6616
K82045,6616
N85620,6614
C81040,6613
A82013,6612
L83010,6610
G81002,6610
A89041,6609
B85005,6609
C84113,6608
L85038,6607
C83611,6606
F81102,6606
M84024,6605
G84030,6605
N82073,6604
M85092,6603
M83693,6602
B82023,6602
E82132,6601
J81647,6598
A81029,6594
M83031,6593
L85050,6589
N83023,6586
N83027,6585
F84114,6584
A84038,6583
M85055,6583
E86626,6582
D82066,6582
B81074,6580
E82654,6579
A88009,6577
M83047,6574
F86057,6574
L81027,6571
E82020,6568
F81669,6568
J82020,6568
A82010,6565
P82009,6561
Y02571,6561
H82021,6556
K83065,6556
C84628,6555
N81109,6548
K81052,6547
M82018,6545
E86022,6544
F83666,6540
B81656,6539
E85748,6532
G83013,6532
E82034,6531
E82638,6530
B85023,6528
H82084,6528
M87601,6527
M89002,6525
K83048,6525
M81089,6523
A86037,6521
G85727,6517
L81101,6517
M82042,6516
P88041,6513
B83626,6509
H82096,6508
C83008,6507
E82640,6502
A88012,6501
L85065,6496
P84645,6495
G81087,6495
A88008,6494
P82609,6492
M82616,6488
A86026,6488
G85030,6485
B81060,6484
A82072,6483
Y02790,6482
M85177,6480
J81077,6479
F82630,6478
F85700,6478
A85017,6476
L82021,6474
D83010,6474
L82026,6471
L81123,6471
F86006,6470
G83651,6469
E85736,6466
D82085,6465
A83027,6464
M88043,6462
K81048,6460
C87620,6454
C84714,6454
N82079,6453
C81106,6450
P88023,6449
L85056,6449
B81063,6448
B87025,6448
Y04925,6447
B85646,6445
L85051,6445
B87009,6444
K81645,6444
M84064,6442
P81740,6441
M83107,6440
Y01652,6439
L84046,6435
C87013,6432
A81051,6432
E81016,6430
F85625,6428
G82106,6424
L85053,6421
A81053,6414
M83025,6413
M85624,6406
G81006,6402
D82070,6401
P82011,6398
J81057,6394
K82031,6394
N82645,6394
J81637,6388
B82057,6388
G82888,6381
P88002,6380
M82057,6378
A89027,6377
P86619,6375
E81025,6372
N81123,6370
E87722,6369
M85113,6365
F86042,6363
D82105,6363
E83005,6363
H81128,6361
F81173,6357
F81006,6357
P84047,6352
Y01839,6349
P81169,6348
P91003,6348
G81012,6348
F86086,6346
F82005,6344
G82687,6344
F82002,6341
K81085,6338
E85708,6336
C84081,6322
E84020,6320
F84677,6319
N81111,6314
B86092,6313
B85032,6311
L84045,6311
N84019,6309
M91016,6307
G85706,6307
F86081,6306
P86005,6304
Y02378,6304
M92019,6303
G81057,6303
Y02707,6303
H85021,6302
P84032,6299
D83030,6296
M81018,6291
N84016,6288
M85016,6288
F83053,6288
A82034,6284
Y03597,6284
P89026,6281
F81205,6281
Y00612,6280
Y05733,6278
L82015,6273
A89030,6271
A82048,6271
M86001,6270
C81097,6270
E85083,6269
F81757,6267
E82657,6262
E86632,6261
E83600,6259
E85060,6256
A82005,6254
P84059,6253
F82638,6252
D83073,6251
K81097,6246
A82030,6243
M89013,6241
G85127,6239
L83655,6238
C85024,6233
F81730,6232
P81008,6229
P82012,6228
M85084,6226
F81082,6223
Y06275,6223
P92021,6221
F85060,6218
N82049,6218
P81668,6217
L83081,6217
M86627,6215
M84615,6212
N81049,6212
P91012,6211
C81113,6210
G82802,6210
J82183,6208
C83073,6207
M84060,6206
B81082,6205
A84013,6202
H82015,6202
B85037,6201
E81077,6199
G82155,6199
J81052,6198
E81007,6197
C82660,6194
E85034,6194
E85635,6194
G82141,6194
D83080,6193
N85018,6193
P85026,6191
Y00033,6190
G82143,6190
G82007,6188
P81137,6187
B85059,6187
N83603,6186
P92042,6186
P81113,6183
B86054,6182
H81110,6181
L84071,6178
G81061,6178
P88623,6177
B82018,6177
M82040,6175
E87047,6174
C84705,6174
E86033,6172
Y03296,6172
A82070,6171
Y06007,6170
D81064,6169
E84051,6168
C81056,6164
B82034,6164
E82641,6163
J81646,6163
Y02960,6163
E86011,6162
A85003,6160
J81076,6159
N81040,6159
L85047,6154
A86005,6153
Y00589,6151
B81041,6149
K83019,6149
E85116,6148
M88030,6144
M85051,6144
D81041,6143
P81035,6137
M87037,6134
Y05318,6132
G82147,6128
F81066,6128
F81170,6126
P81714,6124
G83015,6124
P91008,6123
C83042,6118
L85062,6115
C82611,6114
H83050,6113
Y01756,6112
H84051,6111
C82610,6107
M91614,6107
A84035,6103
P84022,6102
B81070,6101
M83035,6101
A85009,6101
G84604,6099
E84083,6093
C84637,6093
G85125,6093
C88009,6092
F86625,6092
J84016,6092
C82100,6091
F86696,6090
G81105,6090
P81748,6089
A89002,6088
M83121,6088
J82180,6085
B81023,6083
F86679,6083
M85047,6083
N84015,6082
L83136,6082
A86041,6081
M84065,6080
P84018,6080
K83068,6078
M83096,6074
B82078,6073
G82790,6073
L84617,6071
K83035,6071
P81770,6069
P84061,6069
M85053,6069
F83025,6069
F81003,6068
Y06378,6067
P81182,6063
E81060,6062
E85699,6059
L84070,6059
N82034,6059
C86021,6056
A86033,6055
G85674,6052
M82048,6051
C84067,6048
C81658,6044
E83039,6044
E83013,6038
M85009,6037
P81046,6036
M83682,6036
F84063,6036
C88088,6035
C83080,6035
Y00137,6034
H81116,6033
H82006,6032
Y02962,6030
J81025,6029
D82624,6029
A83636,6026
F81130,6025
N82026,6025
H85008,6022
B86672,6021
E86016,6019
L85032,6019
C84658,6019
H82031,6019
N84029,6018
C84087,6017
K83080,6016
A84033,6015
L82059,6015
N85040,6014
E85051,6013
K84046,6011
C83067,6005
P81695,6002
E81064,5998
E85129,5997
A83627,5997
A84037,5993
P92006,5993
G85118,5993
F83056,5992
H83021,5991
H83011,5989
G85027,5989
K84003,5987
G81082,5986
D83043,5985
D82621,5985
Y05369,5985
E83639,5985
P84650,5981
F86626,5979
H81074,5979
E81061,5977
F86020,5962
G82046,5962
M86007,5960
L85044,5960
N83033,5959
M89007,5959
H84031,5956
Y03124,5955
P89029,5954
F86621,5954
P83608,5946
F84734,5945
H82067,5944
M87018,5942
C83046,5941
H85077,5936
E84638,5934
M85117,5934
Y02606,5933
E81056,5932
J83048,5932
H85662,5929
B82077,5926
P81043,5923
N84013,5923
P92605,5914
N85023,5912
M83738,5911
D81036,5911
C81075,5911
B85660,5905
L82070,5905
M88021,5903
P85006,5902
C84703,5898
M85735,5894
A87015,5891
F81684,5891
L83054,5885
M83680,5881
F82612,5881
Y05826,5881
B85038,5880
F84681,5877
G84008,5876
G85119,5876
N85034,5873
N85047,5871
G82697,5871
A87006,5867
A84002,5866
M85774,5865
C81092,5863
Y03222,5857
M84044,5856
B83660,5854
A87612,5852
M91629,5850
L83039,5850
M88630,5849
L85048,5849
B86089,5846
M81009,5844
E83007,5844
H85092,5840
A82049,5838
M92043,5838
E86637,5838
H81672,5837
G81044,5835
A89024,5834
E87070,5834
E83036,5834
F81193,5833
E85734,5831
N81043,5829
C88073,5828
L83099,5828
G81613,5827
C81016,5824
J81022,5823
C86032,5817
D81055,5816
E85643,5815
Y02319,5813
C87616,5813
D83069,5813
D82028,5808
C82600,5805
F84666,5804
J81075,5804
A81060,5803
H85656,5803
E85697,5797
K84605,5797
M83132,5795
F81159,5794
N81031,5792
A88608,5791
F84636,5790
P91011,5789
N85025,5789
E81024,5788
M81604,5785
F85039,5785
Y03441,5784
D82618,5784
G82704,5776
C88040,5775
E81612,5774
M85746,5773
A83038,5773
G83030,5769
E85046,5768
E84674,5767
M83127,5766
J82133,5766
N84034,5764
M85642,5763
A84039,5761
B86074,5761
G85121,5761
N84007,5758
L83075,5757
D82053,5757
N83601,5756
C87020,5755
M84062,5749
G81663,5744
M85062,5741
A87002,5741
M86638,5740
N84038,5739
G84629,5739
L82061,5736
E85041,5735
K82014,5734
C83635,5731
G82753,5729
P88606,5725
M87620,5724
J83056,5722
M88008,5718
K83053,5715
Y00471,5712
N83055,5710
P81674,5709
B82030,5707
A86038,5706
F82015,5700
H84041,5700
Y02636,5699
J82640,5689
G82671,5688
P84644,5686
L85028,5684
C84704,5679
N82001,5679
F85044,5677
P92034,5675
H83027,5673
F83673,5672
M83601,5669
D81042,5668
F84015,5668
K82621,5667
F84118,5666
A85023,5666
H84018,5665
J81029,5664
E84702,5658
J82208,5657
M81092,5657
A82046,5656
A83048,5654
G82681,5652
B86029,5650
F85064,5648
M81025,5646
G82108,5645
A83070,5644
Y04951,5641
B85004,5638
C83062,5637
L82620,5635
K81656,5635
G82218,5635
A82024,5633
G85695,5632
P89013,5629
G81090,5628
Y02736,5626
L85036,5626
E85042,5624
M83102,5619
J82213,5619
B83054,5618
M83709,5617
B83026,5617
F82003,5616
Y02177,5616
M91009,5613
K81087,5613
A87030,5610
C88032,5608
L81127,5607
F83632,5607
C86012,5606
L85026,5605
F85675,5605
G85044,5604
P81167,5603
Y04968,5603
F86034,5601
M85149,5601
C87604,5600
C83029,5599
M84049,5598
A89005,5593
L85040,5593
C87608,5592
E82133,5592
M87041,5591
B86093,5591
M85679,5587
L81670,5585
C83039,5584
F84051,5583
M84061,5580
Y02494,5578
K84080,5577
C82627,5576
N82082,5576
P85014,5575
A85614,5575
Y02520,5574
F84720,5572
K82058,5572
Y03656,5570
D81065,5566
C83055,5566
H84629,5564
H84639,5560
C84696,5560
M83041,5559
N85014,5559
N81117,5559
M92630,5558
F82038,5557
M81007,5557
H85103,5557
A81622,5554
F85053,5554
F84716,5553
F82025,5550
M85722,5550
B86096,5549
Y02321,5548
F86082,5548
A81063,5548
Y01127,5546
M85139,5546
F81206,5545
E83037,5545
B82072,5544
H82621,5544
N81632,5540
A84034,5535
J84008,5533
A83024,5531
F81211,5528
J82115,5528
E85112,5525
P88019,5524
M81055,5524
C82676,5523
A83008,5522
P81707,5518
C82122,5516
J81067,5516
G82154,5515
P88031,5514
P87648,5513
K81608,5513
Y02633,5513
L85046,5511
M92609,5510
K82070,5503
K83625,5502
Y06507,5501
N83605,5497
K84610,5495
P81039,5494
E84007,5494
H81658,5494
N82052,5491
F85615,5486
P82607,5484
G85091,5484
P92015,5483
L84031,5483
M81617,5483
P87651,5480
C82082,5479
A86006,5479
E87762,5475
M84009,5473
N83053,5468
F81024,5468
A87017,5468
B82022,5463
H81046,5461
M83661,5459
H81618,5458
K81007,5455
K83614,5455
N85017,5452
G84607,5451
K84036,5445
F81101,5445
G85134,5444
C84693,5443
B86005,5442
N82059,5440
C81096,5438
B82011,5437
B83657,5432
G85716,5432
F84719,5429
E85035,5429
D83076,5427
G82198,5427
J82146,5423
M83616,5418
A81608,5417
P85028,5416
B81091,5415
P87032,5411
P92001,5410
Y02890,5410
P85621,5408
N83030,5407
A82015,5406
G85681,5404
M82033,5399
M84041,5395
Y00774,5391
P81010,5389
G82820,5389
M81084,5386
E84635,5383
P92642,5381
D81073,5379
E87665,5378
N85048,5374
E84658,5373
K83079,5373
M85035,5367
H83608,5367
L83112,5364
H85110,5362
J82630,5361
A84047,5360
M85108,5359
J83025,5357
B87042,5356
A84045,5352
D83070,5352
F81155,5351
L81106,5351
E83034,5349
M85128,5347
C84065,5346
N81083,5344
B85008,5343
G83046,5343
P84045,5341
E86014,5337
C81059,5337
F81147,5337
P91026,5335
P92002,5335
L82011,5335
F84696,5334
P91633,5331
C88049,5329
E85038,5329
G81614,5329
K81655,5323
Y02767,5322
K83616,5322
G83654,5321
B86108,5320
F83027,5319
C86611,5317
C88074,5316
J82628,5314
E85024,5313
P89023,5309
P85004,5306
G83033,5306
E86041,5305
Y00347,5303
B85614,5303
K82068,5300
A82077,5299
P91623,5295
E85677,5294
M85155,5293
N85009,5292
K81613,5292
P81201,5286
E87024,5286
M83608,5280
A89022,5278
J81074,5278
H85683,5278
D83064,5276
M85699,5274
F81222,5274
M84069,5273
A85611,5270
P87017,5269
C86005,5268
P85622,5267
Y00412,5267
P85012,5264
E83031,5264
F85684,5264
C88095,5256
E84617,5254
C82662,5248
N82033,5248
F83061,5246
P92626,5242
H81086,5241
M83090,5240
M88643,5239
E86020,5239
N81006,5229
L84078,5226
D83045,5221
D83022,5218
M83005,5217
C81642,5217
F85048,5215
K84060,5213
N81120,5212
G82018,5211
L81122,5211
L83026,5209
C85019,5206
M92029,5203
P84051,5203
D82079,5202
P84626,5201
M86023,5200
P87624,5198
M86046,5195
C82671,5193
L81648,5193
G85021,5191
Y03602,5190
H85075,5190
L85018,5188
Y03587,5181
B82101,5180
A82022,5179
M85739,5179
C83613,5179
Y02986,5179
A87019,5179
F86638,5175
Y02510,5174
N81119,5173
Y02414,5173
D81612,5167
N81074,5167
F84124,5166
G83003,5165
M84066,5164
P86614,5163
P81045,5163
E82121,5162
L82025,5158
F85010,5157
G82055,5156
M86040,5155
F81104,5155
F85676,5146
E81069,5145
C83079,5145
A82023,5144
P82613,5143
A88023,5141
F81060,5137
E85600,5135
C82019,5134
L83023,5134
P83623,5131
C84624,5126
G82757,5125
G85042,5121
M91020,5117
M85783,5113
K81657,5112
F82627,5111
B83622,5108
L84616,5103
G83673,5101
E83638,5101
L83628,5100
C81089,5098
A89008,5097
M85098,5095
A83073,5094
F82604,5092
P85002,5091
D81629,5089
F83039,5089
M85676,5087
Y00726,5086
C88077,5086
P84684,5085
C85026,5080
B83002,5078
M81024,5076
D82010,5076
C84140,5072
L83098,5071
G81656,5067
E82104,5066
F84080,5066
E85012,5065
L83607,5062
F85650,5062
P85001,5061
F82674,5060
F82634,5059
A89031,5057
M88633,5056
E85111,5056
N83013,5051
C81616,5050
G83024,5049
A89013,5046
M91033,5045
L82039,5043
F81183,5042
P81081,5041
E85032,5041
E84049,5040
H81111,5040
P84056,5039
A87615,5039
A85018,5038
C85006,5035
F82607,5032
M87025,5031
E84062,5030
L84043,5030
A82053,5027
G84005,5027
N82058,5027
M91619,5026
Y01690,5025
M82044,5024
A89018,5022
K81100,5020
F86637,5019
A81012,5019
B86654,5016
F86040,5014
P81771,5013
D83003,5012
M85042,5012
M88014,5010
E81031,5009
P84014,5009
P81155,5008
M91660,5002
L85612,5002
K81616,5002
A82623,4998
M91032,4998
M81621,4996
C86613,4993
C81115,4993
A88025,4989
F81046,4989
A82006,4987
E81617,4984
M83700,4982
K84023,4981
G82129,4981
G82665,4981
G82158,4980
C84142,4977
H84618,4976
P81780,4973
A87023,4973
C86033,4972
B85033,4971
L84075,4971
L81132,4970
F82034,4964
Y02713,4963
F84088,4963
A83029,4960
Y04977,4959
M85146,4957
C84667,4957
C88006,4956
F81092,4955
M85174,4953
M86633,4952
G82023,4949
E85108,4943
A82064,4941
Y00312,4933
F86702,4932
B86094,4932
E85707,4931
P92028,4930
M81605,4928
N84041,4924
E82050,4924
G82658,4923
F84739,4920
M91029,4919
F86658,4918
Y02933,4917
M92006,4917
G82234,4911
N85054,4907
M85736,4906
G83633,4906
Y01090,4902
A84025,4901
P81694,4901
C84680,4901
E86024,4900
C82080,4899
F84729,4892
P89011,4890
P86606,4888
M83139,4886
F84060,4883
M85176,4882
P82037,4876
P81212,4868
F85628,4865
Y05349,4864
H85052,4862
E85006,4861
F86088,4860
M89030,4858
E87006,4857
P91032,4856
E87003,4855
L82038,4852
L84072,4850
P82025,4849
L82058,4848
M87026,4847
M91034,4846
B85606,4843
P81709,4842
Y00475,4842
G82641,4842
P92651,4840
E86620,4839
E84701,4837
P84689,4836
C88044,4835
J81626,4835
G82227,4833
F85055,4833
C83649,4832
G82162,4831
G81634,4829
L83088,4827
H85082,4827
L83070,4824
B86056,4823
F81165,4818
M85716,4818
M83713,4816
L81622,4814
C83030,4813
F81221,4812
F86642,4812
Y03671,4811
E85125,4807
M81011,4805
G84625,4805
M81077,4804
F82678,4803
H81095,4803
F83683,4803
P83005,4801
Y02686,4800
M91621,4800
C86026,4798
L84077,4797
M85669,4794
C84008,4791
A85026,4791
F86064,4789
H85112,4789
E82105,4787
M82606,4786
N83041,4784
A83071,4784
M82017,4782
M83715,4782
B84014,4781
P91625,4779
L84025,4775
E85718,4774
E81065,4771
N81001,4769
A82062,4768
N83045,4766
A83641,4761
F82649,4759
N82095,4758
M91647,4757
E85098,4757
N85038,4757
A81629,4757
P83017,4753
B81119,4753
N81071,4752
H81022,4749
P88014,4748
Y02567,4748
Y00297,4746
A87600,4744
P92033,4742
A81066,4742
C81013,4738
F85034,4738
J82126,4732
B85641,4731
M83013,4729
K83050,4728
G83631,4726
P89609,4722
M83143,4720
A82038,4717
E87038,4717
M88042,4715
N82019,4713
P81204,4712
N82081,4712
F85623,4710
Y02753,4709
E84078,4709
E82004,4708
C81046,4708
M81067,4708
F82679,4706
E85715,4706
F84619,4703
C88062,4702
G82219,4700
J82151,4696
C81095,4694
C84682,4694
B81085,4693
P84663,4693
G82123,4689
E86003,4688
C88027,4687
B86666,4686
H82004,4686
J83603,4686
N84010,4685
P83620,4683
M84005,4683
J83060,4683
M81081,4682
M81045,4681
H85023,4681
C82650,4679
P81004,4676
M82051,4675
F82647,4675
G82138,4673
F82031,4671
M83703,4670
F81665,4670
F84740,4670
F86698,4670
M87617,4668
E85130,4668
G82682,4667
G82180,4665
M84047,4664
B81631,4661
B81100,4660
L82024,4660
E85088,4658
A89040,4654
C88011,4653
P84640,4653
C81036,4652
G82732,4648
N81642,4647
D81033,4645
D81618,4643
P92020,4642
M86019,4641
Y02626,4641
P81197,4640
Y00212,4639
B86623,4639
P81061,4636
F81740,4634
E85069,4632
L84068,4632
N85046,4627
P84071,4626
M85001,4626
E86640,4624
F82666,4623
M92041,4620
N85617,4619
M85179,4616
C82680,4614
C82649,4612
A85616,4607
L83657,4606
P83612,4603
H84053,4602
L83086,4599
C86621,4596
F85682,4596
B83049,4592
N81614,4587
G83635,4586
P82626,4585
N83017,4583
P85019,4582
N85037,4580
H85053,4580
L84081,4574
D82060,4570
P92024,4567
P92030,4565
E85723,4563
Y02842,4562
P85018,4561
G85026,4561
C84127,4560
Y03366,4559
N83047,4558
N84618,4557
E85713,4557
K82074,4555
F84670,4553
G81027,4551
M88026,4550
Y00260,4550
J82188,4549
M83668,4548
E85074,4547
K81056,4544
M83705,4539
N85003,4537
F85663,4533
D82046,4530
N82109,4528
C87010,4526
M83140,4526
M85697,4524
Y04969,4523
F81751,4519
G82684,4519
P85022,4518
P81186,4517
E84070,4517
E83041,4517
C82048,4512
F81219,4512
A84008,4506
H84059,4501
B81090,4499
J83645,4497
E82111,4495
B81108,4491
C84621,4491
G85129,4491
H81613,4490
M83632,4489
E85075,4487
M85043,4487
M85170,4485
C81070,4479
N82651,4477
C82102,4474
C84092,4474
A88005,4472
P82022,4470
C81647,4470
N81090,4470
C84664,4470
A83055,4469
C81652,4468
N85616,4467
F82609,4466
P81181,4463
P92012,4463
E85064,4463
B84623,4460
P81117,4455
L84063,4455
C88647,4452
B85650,4451
E85013,4451
F81040,4445
F85036,4444
P88044,4443
L85609,4442
M81083,4437
F81640,4437
Y01068,4436
P81179,4435
F81216,4435
L82043,4434
A82068,4433
G82226,4433
E85683,4430
D82106,4427
M87027,4425
Y02325,4422
B86028,4421
K81005,4420
H83029,4420
C85028,4415
N85629,4415
N84027,4413
Y00316,4413
L83116,4407
F85652,4403
J81648,4401
L81117,4401
F85067,4401
C85001,4400
P85605,4396
J82005,4395
H84625,4395
P81646,4394
F85045,4393
P89030,4389
M91626,4389
P91007,4388
Y01281,4388
M84016,4384
F85678,4383
P81171,4382
C84103,4382
E83026,4382
F81700,4374
H83611,4372
F85046,4372
E85090,4371
G82744,4371
F83658,4370
E84059,4366
P84651,4365
P92029,4364
L85607,4364
G85019,4363
Y01165,4362
G84022,4362
F84694,4358
C83641,4358
G82711,4357
Y04664,4349
N83015,4348
C82060,4347
L81655,4343
E84040,4341
E84713,4340
E84656,4339
M86039,4338
B81606,4336
J82633,4336
N82676,4336
P92035,4335
M83719,4335
A82058,4334
Y00078,4333
F81675,4331
M92022,4330
J81064,4330
L84080,4330
A82608,4327
A82071,4326
J82177,4320
P92634,4319
B83025,4319
C82644,4318
G85102,4318
N82104,4317
F83680,4316
J82084,4315
A89011,4313
M83017,4313
E84678,4313
N84035,4309
M92044,4306
F86689,4303
P86015,4301
M87034,4301
G84029,4299
M82011,4297
L83115,4295
N84625,4292
L84024,4291
N82002,4291
F83044,4288
Y02442,4287
P89602,4286
P83024,4284
K83056,4284
P82020,4283
C84074,4283
M85154,4282
P81147,4281
C84660,4280
A82014,4278
G82053,4277
N83614,4273
M84609,4273
A82037,4272
M88610,4270
C84629,4270
B81032,4269
E81631,4269
M83623,4267
M83117,4266
J81083,4261
C82099,4260
H83609,4258
E83668,4254
B81619,4253
P86017,4252
L84073,4248
Y02260,4246
B86675,4246
H81044,4243
P91619,4242
M85713,4240
L83143,4238
D82072,4238
J81017,4237
A83072,4233
F84676,4232
F84038,4231
P81214,4230
B87036,4230
E85735,4230
B86061,4226
E85656,4225
F81065,4224
P81732,4223
M85105,4223
C81653,4222
H85022,4222
M91006,4220
E85746,4220
Y01124,4218
J81616,4217
F82053,4212
E87706,4212
M88647,4211
B82045,4211
B86058,4210
B81055,4209
M88022,4201
F81076,4200
E87714,4196
N82065,4194
H81038,4193
Y02653,4192
Y02586,4191
P84635,4189
E84680,4187
K81094,4187
M84627,4185
M86033,4183
P82634,4176
D82100,4176
B81677,4174
M91641,4173
E85061,4173
P92005,4172
M83103,4171
N85643,4170
Y00902,4168
E85099,4167
M91026,4166
B83621,4166
N81626,4163
C85623,4161
C82669,4161
P92620,4160
Y01163,4159
P82640,4156
P87039,4150
B86070,4150
N81069,4150
A83635,4150
N83628,4147
K82061,4146
F85043,4145
C88022,4142
F85654,4142
F81645,4141
A85002,4138
G82700,4137
N85031,4135
G81052,4134
Y02663,4133
J82625,4131
C83074,4130
P84033,4129
C84136,4126
P87003,4124
E82113,4123
F81649,4122
N83054,4120
F84657,4119
M85701,4117
P83609,4116
M83701,4113
Y02867,4113
P86608,4109
K84056,4109
Y05212,4109
A81001,4108
B85002,4107
H82087,4106
A86028,4103
G83037,4102
E87045,4099
K84015,4099
C84654,4098
C84076,4097
C83634,4097
H83040,4095
N84613,4093
J82605,4090
P85610,4088
C84135,4085
P81736,4083
Y00399,4082
M88612,4080
E85658,4080
N84617,4079
E84637,4078
B81095,4076
Y04266,4072
A81025,4072
H81129,4072
M86044,4070
A88613,4069
C82052,4063
N83043,4056
E87009,4056
J81053,4056
N84611,4053
C82614,4052
P86624,4051
F83681,4050
A89614,4048
M87605,4047
M82046,4046
A89617,4039
P81127,4038
F84621,4037
E81615,4036
M88044,4035
C82651,4033
B82628,4033
C82112,4031
P83611,4029
G82653,4027
J81035,4022
C81634,4022
Y02656,4019
N82650,4018
K82042,4015
B81645,4013
G82722,4011
E87750,4009
F82621,4008
J83058,4008
M84616,4004
L85037,4002
P87659,4001
C88060,3995
L83651,3995
F81177,3994
E85625,3992
B86625,3992
N83050,3985
M87030,3984
M88031,3983
E84053,3983
G82072,3983
M83130,3981
F81184,3979
B83032,3979
M89021,3977
F81746,3976
E83649,3974
J83601,3973
M85082,3972
A85620,3969
F84055,3960
M86037,3955
N83049,3954
B87033,3951
Y05023,3951
Y02827,3949
C88053,3949
N85633,3948
A81065,3946
C84144,3941
L83627,3938
A89034,3937
P81647,3937
Y01139,3934
M83637,3933
C87024,3931
F82012,3929
H81663,3926
C82634,3925
L84085,3925
N82067,3925
E84684,3924
E86612,3922
F81618,3922
C82109,3919
B85611,3918
Y04965,3918
C84150,3917
M83727,3912
P88034,3910
B82609,3910
P87014,3900
M83059,3898
M88023,3898
Y04952,3897
P84065,3893
B81642,3891
N83609,3890
F86700,3890
F86731,3889
A81014,3889
Y00286,3880
A85013,3874
M92042,3873
L85003,3873
E87021,3872
G84013,3872
E85053,3870
E81076,3869
M84059,3861
P82627,3859
N82003,3855
Y02795,3854
G84009,3854
H85065,3853
D81602,3848
E85103,3846
F81632,3844
N82663,3842
Y02886,3841
Y02222,3839
J81071,3838
P89022,3834
K82060,3834
E87741,3833
B85636,3832
M83100,3828
H85113,3827
E86609,3824
M85717,3822
G81085,3820
C81640,3818
P82013,3817
P92652,3817
F82624,3817
F81633,3813
M81062,3810
M84612,3799
E82049,3788
G82639,3788
G82708,3788
F81158,3788
C88050,3786
C88068,3786
E87756,3784
M92026,3783
L85061,3782
F82661,3780
C81090,3780
A84619,3779
L83148,3779
G82224,3779
G82733,3777
Y02274,3776
C81055,3776
G85008,3774
N82036,3772
B83627,3768
F86703,3767
H82027,3767
F82033,3762
M85766,3761
H83028,3757
C84694,3757
P82030,3753
G84621,3753
M85733,3752
F81729,3751
E85045,3749
J82198,3749
N83633,3748
Y02669,3745
P82616,3744
C82116,3744
H84630,3744
B83031,3735
F82675,3733
H85078,3733
M91640,3729
F81666,3729
M92649,3727
M86005,3726
C83653,3721
B86023,3719
F85707,3719
G84041,3717
C88652,3715
F84030,3715
E87733,3715
M87036,3711
F85666,3708
A81038,3707
H85032,3702
G82648,3701
H83625,3700
H83033,3699
Y05291,3695
Y00200,3694
L82048,3692
N82039,3692
J82197,3685
N82089,3680
P87004,3679
L85013,3679
N82106,3679
B85048,3677
C83650,3677
F82663,3675
L83134,3671
E85694,3665
B85622,3663
E87746,3662
J83615,3662
D81078,3661
L83146,3661
M84618,3660
E81633,3656
M83125,3654
L83666,3654
A84040,3653
E84676,3651
P91019,3650
J81020,3646
A85021,3646
J81633,3645
G82721,3639
M92629,3634
K82618,3634
F81707,3633
P81173,3630
N81651,3629
K81607,3628
E85005,3625
E84681,3623
F81619,3622
C82628,3621
M89602,3619
H81131,3611
C81604,3609
N84605,3604
N83060,3604
M91637,3603
E86629,3601
F84046,3601
Y04947,3598
D82049,3598
M83718,3596
P88610,3595
C82623,3595
B82035,3595
N81619,3590
E84699,3583
F82039,3579
E87755,3579
P87015,3577
E85066,3575
C83614,3575
A83644,3575
F83052,3575
G82754,3574
H83031,3573
C84057,3573
B85612,3569
H81642,3568
K82035,3567
M85781,3567
Y00568,3566
C82092,3565
D81081,3564
M82024,3562
D82628,3562
G82049,3560
C82120,3557
M82020,3556
M83711,3556
C84695,3556
P83010,3554
C86616,3554
C81638,3549
P82652,3546
M81090,3546
C84112,3546
E85640,3545
M85013,3545
C81022,3545
L82007,3544
B82106,3543
F81704,3540
C87603,3538
J81644,3538
P82029,3535
M87638,3534
G84609,3528
K83020,3528
M85118,3527
F83633,3526
B83061,3524
K81019,3522
B86643,3522
A88001,3519
B82079,3519
B81075,3518
F82045,3517
N84014,3516
A88601,3511
Y05364,3509
F86701,3506
P92031,3504
M83722,3502
F86612,3500
G85736,3496
G81040,3496
Y05346,3494
Y02875,3492
G81089,3491
F85061,3490
N82078,3490
E87052,3489
B81012,3486
Y04884,3484
G82103,3482
Y02936,3481
P85606,3477
E85077,3475
N82086,3475
N85648,3474
M89001,3473
A82029,3471
C83033,3471
J83618,3470
B86673,3469
P86602,3467
E85109,3467
A82646,3466
A81612,3463
M83134,3462
E82655,3462
P82660,3461
M83063,3461
E86610,3460
M88041,3459
B82068,3458
H83008,3457
E85617,3451
C81655,3451
M82058,3447
E84647,3444
H82076,3444
Y02605,3443
G82139,3442
C84123,3439
C87031,3436
A85617,3435
G82691,3435
K81089,3434
Y02344,3433
N83006,3432
P87613,3431
N83637,3431
H84057,3431
K81015,3429
C81039,3427
A85012,3425
B81635,3422
A83061,3421
G82690,3421
F83007,3420
P91631,3418
C83052,3418
Y05330,3417
C81077,3416
N85052,3414
P81180,3411
B85634,3411
M85757,3411
A82651,3409
P85607,3403
P92616,3402
Y05622,3402
Y00328,3399
P81735,3397
P81757,3396
K81638,3394
B86101,3392
C85614,3389
F86712,3386
M92627,3384
M86028,3379
F86705,3377
A84027,3376
C88656,3369
C81660,3368
C84679,3365
N82093,3365
E82066,3362
E85714,3361
G82702,3360
Y01108,3359
C84096,3359
P82624,3357
P86021,3356
Y00561,3356
G82235,3355
Y05363,3351
C83024,3348
B82064,3344
A82631,3343
N82669,3340
F81045,3338
M92001,3336
F82023,3336
P92648,3334
Y01118,3332
M88035,3328
E85630,3328
J82184,3326
L84615,3324
M81600,3324
K84034,3323
L83642,3320
F81032,3319
C82084,3317
G84039,3314
F82648,3309
L84029,3307
C81076,3307
G82741,3299
M91018,3294
E85115,3289
E81001,3288
B82019,3287
B83642,3281
A83619,3277
F85065,3273
P92646,3270
B86103,3269
D83615,3268
N83620,3266
C84101,3262
M83717,3262
M88600,3259
C88046,3256
E86625,3255
F81641,3252
P84672,3252
E87069,3251
E87663,3249
P87658,3246
F86624,3246
M83725,3245
C84656,3242
F82686,3241
H81641,3241
B81002,3239
H84054,3238
F85634,3237
G82217,3236
F83033,3235
G81096,3232
M88640,3229
B82029,3227
F81223,3226
F81697,3224
F84641,3224
M81608,3221
F81652,3220
P92621,3219
M87618,3212
H81643,3211
Y02816,3211
M88024,3210
H83030,3210
P92653,3209
L81642,3209
P85614,3206
H85695,3206
Y02718,3205
E81611,3202
P88009,3201
Y00996,3201
N81107,3199
N82004,3198
M89608,3196
M82031,3190
D82038,3190
L81637,3190
Y02720,3186
L83049,3186
B83659,3184
N82664,3183
Y04662,3182
B85640,3180
Y01795,3179
M83698,3175
Y00446,3171
P92038,3165
Y00252,3164
G84630,3164
E84626,3157
M85021,3155
M88625,3154
P81701,3153
M91624,3146
P82034,3145
E87048,3141
A82629,3140
G81694,3140
P92637,3136
F81651,3136
H85067,3134
P81633,3132
P85620,3130
E81023,3129
E85726,3124
M83619,3117
P87639,3114
Y02885,3111
E82070,3105
P83621,3104
E86619,3094
B83604,3091
M81076,3088
D81607,3080
N81637,3079
N84026,3077
P92647,3077
B85638,3075
C88084,3072
B83620,3064
F82671,3055
P89025,3054
M85107,3054
Y00278,3051
Y01221,3050
M85134,3049
G82698,3049
A82031,3048
B85623,3048
J81609,3048
F84685,3047
E85743,3045
M89024,3045
D82604,3045
A88010,3043
M83109,3042
M82620,3041
P87627,3040
M88628,3039
M91036,3034
M91612,3031
B83629,3030
A83610,3030
L84613,3029
C81082,3029
B81628,3018
C82105,3018
B81647,3017
F83671,3017
L82618,3013
L83082,3013
M92004,3010
M86038,3009
P89613,3008
Y02684,3005
F81713,3005
N85022,3001
C84717,2997
N82678,2997
M83122,2991
Y05248,2989
G82775,2988
M85756,2985
M85782,2985
A83060,2985
P92639,2982
E84653,2982
F82610,2981
P84639,2977
M91628,2974
L85611,2973
L83663,2969
M87621,2962
M85670,2947
M85014,2946
F81656,2945
M85141,2941
P85608,2937
P85612,2937
N81607,2935
N83624,2932
B82046,2931
F82040,2928
G81641,2927
L85601,2926
Y01695,2918
D81645,2911
B86678,2910
P88607,2909
C88086,2908
B83661,2908
M85794,2907
F86085,2905
L82057,2903
N83621,2902
F85686,2902
G82109,2897
B85619,2891
M88639,2891
C88059,2888
A86007,2880
H83052,2878
N82670,2878
F81606,2877
M86617,2875
H84014,2874
J83609,2873
F83050,2872
N84614,2870
M91654,2869
P87630,2868
L83012,2868
M86605,2864
M85779,2862
N85640,2860
A82065,2858
H81123,2857
M86622,2856
F81674,2853
E85649,2852
F82670,2852
C83631,2849
H81132,2847
Y04882,2846
M85792,2845
P82036,2842
E87065,2841
E87026,2839
K84065,2835
M82013,2829
M86612,2828
P84637,2826
M87623,2825
P81741,2824
M81616,2824
P87657,2823
P84690,2821
A82650,2815
N84621,2813
E82626,2805
B81658,2804
M83624,2801
E81635,2800
C88643,2794
C84710,2793
M85730,2782
A88014,2781
P81711,2780
J81612,2780
P84665,2779
M92015,2772
B87044,2768
B81616,2766
B81655,2766
M83697,2766
P81731,2765
F86708,2764
C84031,2763
P87649,2762
F81088,2762
E82644,2759
M85153,2759
L85624,2756
A82647,2753
A83634,2752
M84034,2747
M91611,2746
F81209,2746
B81097,2744
F82619,2734
J83619,2731
M88620,2727
N84630,2724
A83043,2724
N82077,2723
L83129,2712
C82659,2711
Y05080,2704
F81744,2701
N81097,2699
J82036,2699
Y02594,2698
E82131,2695
E87742,2694
C86606,2691
N81102,2689
P85007,2688
N82101,2687
M91659,2686
L83639,2684
F81198,2682
M85171,2681
Y02572,2679
C88083,2679
M91014,2678
M84621,2677
M84620,2677
M85749,2670
H85665,2670
N84615,2668
G82170,2668
B81697,2667
N82633,2659
A89623,2657
P92615,2654
B85645,2652
E86615,2652
Y02658,2650
A84029,2649
N83635,2639
H85088,2639
N82668,2637
E87702,2634
F81197,2626
E82652,2625
E85023,2623
H83049,2622
A83617,2622
P81686,2617
N83026,2617
F81711,2616
C84692,2613
P85602,2612
F81176,2611
P81138,2609
B85044,2605
C81661,2605
P81166,2602
N85021,2602
P81685,2601
M83640,2601
G81669,2598
N83604,2593
M83033,2591
A86035,2589
F81737,2586
A82617,2585
N83031,2582
N83622,2579
N81645,2576
B87600,2576
C84151,2573
A81056,2564
E86034,2558
G82652,2558
G82719,2558
Y02212,2555
C84138,2552
G84624,2552
P81721,2547
F84660,2546
P81136,2544
B86642,2543
B81663,2542
H81632,2541
Y02721,2533
B85060,2532
G81646,2530
P87660,2527
B83617,2526
M85694,2525
P92630,2518
C88091,2515
N84002,2514
M92640,2513
L83068,2513
K83069,2513
M87612,2512
B87602,2510
F81623,2508
A83032,2505
N84627,2503
G82062,2502
M87628,2500
G82706,2500
E82643,2498
F84742,2479
K81622,2479
G82763,2476
B86001,2468
B81620,2467
E87648,2463
N82087,2461
G83641,2460
N83007,2459
Y00507,2454
A85024,2447
P91617,2445
F83678,2445
B85655,2442
B82062,2439
M88623,2437
H85664,2434
Y00758,2422
M91024,2421
N83610,2418
A84015,2417
L82017,2416
Y04809,2414
N82050,2414
M84055,2412
A84032,2411
B87604,2411
A81602,2409
N82655,2407
C82656,2406
M85770,2401
B82086,2401
J81631,2400
J83630,2400
C82114,2399
K81081,2399
M88626,2396
P82633,2386
B85058,2383
M85684,2380
E87740,2380
J81628,2379
A83630,2375
M85115,2373
B82103,2371
Y06487,2368
A81621,2368
P86620,2360
P87625,2356
E85740,2352
F82027,2348
C83053,2342
P86609,2337
N82091,2337
B81665,2335
G82696,2334
E86605,2332
C84613,2328
P81165,2326
B87041,2322
M88618,2319
A81634,2319
M83113,2311
C82626,2310
P81742,2308
N82671,2308
M82601,2300
A89036,2296
C86626,2292
P92602,2289
F81635,2287
A89616,2285
M88019,2285
E84704,2277
A83632,2276
M85753,2274
P85601,2268
P81699,2261
P92623,2261
P81724,2260
M88627,2258
C81611,2254
Y00140,2252
P92633,2238
F81688,2236
Y00228,2235
M85680,2232
A84604,2231
A82004,2231
P92635,2230
M85158,2225
G82605,2222
C83643,2218
F85681,2217
Y00050,2215
C82119,2208
N83619,2206
F84741,2200
G82622,2199
B86648,2195
F85656,2192
M85671,2186
C85622,2184
P82625,2177
M83641,2176
Y01280,2173
P89612,2171
C81615,2170
F84731,2169
Y00026,2162
F85024,2160
P87661,2148
M86610,2148
P83027,2144
M85097,2138
P81692,2137
P89618,2132
B81666,2130
G82600,2130
N84043,2127
E87751,2125
M85711,2121
G82635,2115
A83637,2112
N84037,2102
E85721,2091
A84042,2089
D81040,2087
E87050,2087
F85697,2083
P82033,2080
P82629,2075
G82762,2073
M85008,2071
P87618,2067
M85693,2066
E85623,2065
A83626,2059
F81696,2050
P87022,2049
Y00110,2044
B81688,2035
F84711,2033
G81667,2033
K83607,2031
D82600,2027
L83616,2019
M82604,2002
F86045,1991
B85620,1988
N85057,1980
Y00912,1977
M91602,1971
J83629,1969
F84673,1967
M88635,1966
N84626,1964
B81664,1960
E85018,1960
M88646,1958
G82791,1954
A84614,1946
M92014,1945
P84605,1945
P81737,1941
F85052,1931
F81218,1929
C88622,1919
F83682,1919
E84011,1913
M91609,1908
M83691,1906
F81207,1890
E85687,1889
E85659,1887
P81726,1882
E83650,1882
P81687,1877
E83657,1858
M88016,1856
M91639,1839
B86655,1826
Y01948,1825
M83706,1817
M85094,1817
M85732,1813
B86669,1807
P84679,1799
C82620,1792
M88629,1787
M85085,1763
E85105,1755
P88600,1752
C82097,1738
M91623,1711
M83111,1701
P81093,1687
E85071,1671
C86625,1670
P86002,1669
A84609,1666
F83677,1662
F83034,1651
M85686,1644
A83622,1643
E85091,1611
Y00186,1604
B82622,1603
M92003,1601
G82184,1599
N82107,1597
P81769,1591
N85634,1587
N82648,1574
B85659,1564
G81689,1542
M91642,1541
C84647,1524
P88615,1521
C82653,1521
M85064,1517
C82059,1509
B81648,1505
M85142,1500
C87606,1454
C88631,1439
H85637,1417
E87735,1377
K83081,1343
B82619,1342
B81603,1339
Y00344,1306
A82621,1247
M85801,1246
A81633,1219
P81620,1199
C88082,1186
C88655,1174
G83663,1170
Y06345,1160
E85672,1144
E84696,1124
F84733,1072
A82613,1031
Y02625,1026
P81738,1024
F84632,1021
C85628,987
Y01057,983
C82670,977
F85645,970
G85082,917
N84624,877
A82620,858
H84632,828
A81630,794
Y04225,713
Y02674,702
Y00182,681
Y00060,659
Y00056,637
G84021,610
G83005,605
G85050,597
C84602,561
L83673,552
Y04883,541
C84698,521
F82614,520
J82217,514
Y02495,489
K84066,488
H81079,483
E87772,469
M81087,429
N81655,391
H81647,357
M85663,344
Y06113,325
E87711,283
E87694,276
M88637,263
E83624,229
Y05788,223
E87691,219
Y00049,214
P81756,162
Y06499,162
Y03103,155
E82620,149
Y05857,137
Y05750,136
H85691,133
K82062,129
F84631,127
Y01924,111
Y02585,100
Y00054,85
Y02509,79
Y05180,73
Y05412,71
Y06389,70
F84661,68
F84706,65
Y04543,62
P84631,58
Y00848,56
Y03051,50
Y00367,48
Y03584,47
Y00081,44
C84720,39
G85106,38
P84062,36
Y03303,36
Y01262,34
L81112,32
Y03112,30
Y00454,30
E82057,26
D83082,25
Y02645,19
P91615,18
L81028,15
N82665,13
Y06095,12
L83125,12
N82647,12
G82760,10
J84020,9
Y02873,9
C81104,8
Y02045,8
Y01845,8
E82126,6
Y00230,6
Y03528,5
Y00372,5
F85711,4
G81703,4
N82621,4
D81624,3
Y00572,3
Y00400,2
Y06545,2
Y02157,1
Y01297,1
Y00812,1
